ID_social;Tema
157;Durabilidade
387;Expectativa e descrição
873;Não recomenda
873;Defeitos
2215;Não recomenda
2215;Defeitos
2639;Expectativa e descrição
2652;Expectativa e descrição
3181;Não recomenda
3181;Qualidade
4037;Durabilidade
4291;Não recomenda
4291;Defeitos
5121;Expectativa e descrição
5304;Durabilidade
5535;Expectativa e descrição
5613;Arrependimento
5613;Qualidade
5635;Não recomenda
5635;Qualidade
6008;Expectativa e descrição
6029;Durabilidade
6241;Expectativa e descrição
6518;Arrependimento
6518;Qualidade
6614;Expectativa e descrição
7673;Não recomenda
7673;Qualidade
8674;Durabilidade
8842;Durabilidade
8842;Preço e valor
9493;Arrependimento
9493;Qualidade
9525;Expectativa e descrição
123;Durabilidade
777;Arrependimento
777;Qualidade
1144;Expectativa e descrição
2629;Não recomenda
2629;Defeitos
2664;Expectativa e descrição
3373;Expectativa e descrição
3987;Não recomenda
3987;Qualidade
5374;Expectativa e descrição
6184;Durabilidade
7452;Expectativa e descrição
9790;Não recomenda
9790;Defeitos
8466;Durabilidade
8466;Expectativa e descrição
3229;Durabilidade
3229;Qualidade
807;Durabilidade
2763;Ruído
3337;Durabilidade
3337;Expectativa e descrição
5238;Ruído
9032;Não recomenda
9032;Qualidade
1064;Durabilidade
1064;Não recomenda
4789;Durabilidade
4789;Não recomenda
4789;Qualidade
2934;Durabilidade
9321;Preço e valor
1863;Não recomenda
1863;Ruído
1863;Defeitos
7590;Ruído
7590;Defeitos
8375;Expectativa e descrição
3003;Expectativa e descrição
4622;Expectativa e descrição
6136;Ruído
6136;Expectativa e descrição
4292;Arrependimento
4292;Qualidade
5056;Durabilidade
2076;Durabilidade
2076;Expectativa e descrição
9691;Durabilidade
9691;Não recomenda
9940;Durabilidade
9940;Expectativa e descrição
526;Durabilidade
526;Preço e valor
1475;Durabilidade
1852;Não recomenda
1852;Qualidade
2856;Expectativa e descrição
4339;Não recomenda
4339;Defeitos
5643;Durabilidade
5778;Expectativa e descrição
6010;Não recomenda
6010;Qualidade
6776;Não recomenda
6776;Defeitos
7485;Expectativa e descrição
8225;Expectativa e descrição
8423;Arrependimento
8423;Qualidade
8622;Expectativa e descrição
257;Arrependimento
257;Qualidade
2358;Não recomenda
2358;Defeitos
3442;Expectativa e descrição
4124;Expectativa e descrição
4472;Arrependimento
4472;Qualidade
5976;Expectativa e descrição
7510;Durabilidade
7786;Expectativa e descrição
8017;Não recomenda
8017;Defeitos
9353;Expectativa e descrição
316;Não recomenda
316;Defeitos
655;Expectativa e descrição
1004;Expectativa e descrição
1253;Durabilidade
1306;Durabilidade
1306;Preço e valor
2352;Não recomenda
2352;Qualidade
3060;Expectativa e descrição
3674;Expectativa e descrição
3809;Não recomenda
3809;Qualidade
5819;Expectativa e descrição
6633;Expectativa e descrição
6670;Não recomenda
6670;Qualidade
6877;Expectativa e descrição
7238;Arrependimento
7238;Qualidade
7448;Expectativa e descrição
7532;Não recomenda
7532;Qualidade
8718;Arrependimento
8718;Qualidade
9436;Expectativa e descrição
9792;Expectativa e descrição
886;Expectativa e descrição
1762;Durabilidade
2622;Expectativa e descrição
2804;Arrependimento
2804;Qualidade
4337;Durabilidade
4337;Preço e valor
5439;Expectativa e descrição
5664;Arrependimento
5664;Qualidade
8248;Expectativa e descrição
9407;Durabilidade
41;Expectativa e descrição
532;Durabilidade
532;Preço e valor
651;Expectativa e descrição
859;Expectativa e descrição
1201;Expectativa e descrição
1454;Expectativa e descrição
2389;Expectativa e descrição
2458;Expectativa e descrição
3759;Expectativa e descrição
3911;Durabilidade
4879;Expectativa e descrição
4918;Não recomenda
4918;Qualidade
5488;Durabilidade
5488;Preço e valor
5977;Durabilidade
6125;Durabilidade
6169;Expectativa e descrição
6401;Arrependimento
6401;Qualidade
6540;Arrependimento
6540;Qualidade
8756;Expectativa e descrição
8780;Expectativa e descrição
9959;Expectativa e descrição
2535;Expectativa e descrição
3059;Expectativa e descrição
3917;Expectativa e descrição
5558;Durabilidade
6342;Expectativa e descrição
6765;Expectativa e descrição
7129;Arrependimento
7129;Qualidade
7991;Não recomenda
7991;Defeitos
8185;Durabilidade
8185;Preço e valor
9847;Durabilidade
9847;Preço e valor
9866;Expectativa e descrição
774;Expectativa e descrição
905;Durabilidade
1419;Não recomenda
1419;Defeitos
2881;Expectativa e descrição
3234;Expectativa e descrição
4333;Durabilidade
4333;Preço e valor
5075;Durabilidade
5477;Não recomenda
5477;Defeitos
6548;Arrependimento
6548;Qualidade
7464;Expectativa e descrição
7565;Durabilidade
7565;Preço e valor
7646;Não recomenda
7646;Defeitos
9716;Arrependimento
9716;Qualidade
1322;Expectativa e descrição
1571;Expectativa e descrição
1973;Expectativa e descrição
3460;Expectativa e descrição
3757;Arrependimento
3757;Qualidade
3940;Não recomenda
3940;Defeitos
5030;Expectativa e descrição
6228;Arrependimento
6228;Qualidade
6335;Expectativa e descrição
6752;Expectativa e descrição
6789;Não recomenda
6789;Defeitos
7083;Expectativa e descrição
8124;Durabilidade
9085;Não recomenda
9085;Qualidade
9977;Durabilidade
9977;Preço e valor
111;Não recomenda
111;Defeitos
270;Não recomenda
270;Qualidade
805;Arrependimento
805;Qualidade
3184;Expectativa e descrição
3278;Arrependimento
3278;Qualidade
3907;Não recomenda
3907;Defeitos
4439;Durabilidade
4439;Preço e valor
5454;Arrependimento
5454;Qualidade
5817;Expectativa e descrição
6832;Expectativa e descrição
5278;Expectativa e descrição
5543;Expectativa e descrição
7215;Durabilidade
7509;Não recomenda
7509;Qualidade
7798;Não recomenda
7798;Qualidade
8993;Expectativa e descrição
9065;Arrependimento
9065;Qualidade
9122;Não recomenda
9122;Qualidade
212;Arrependimento
212;Qualidade
1194;Expectativa e descrição
2499;Durabilidade
3482;Expectativa e descrição
7927;Arrependimento
7927;Qualidade
8933;Não recomenda
8933;Defeitos
9976;Não recomenda
9976;Defeitos
104;Durabilidade
1019;Não recomenda
1019;Qualidade
3047;Durabilidade
3047;Preço e valor
3346;Não recomenda
3346;Defeitos
3823;Expectativa e descrição
4794;Arrependimento
4794;Qualidade
4913;Arrependimento
4913;Qualidade
5143;Expectativa e descrição
5466;Não recomenda
5466;Defeitos
5525;Não recomenda
5525;Qualidade
7380;Expectativa e descrição
7466;Não recomenda
7466;Defeitos
7815;Não recomenda
7815;Qualidade
8304;Expectativa e descrição
8441;Durabilidade
9565;Não recomenda
9565;Defeitos
9930;Expectativa e descrição
145;Não recomenda
145;Defeitos
188;Expectativa e descrição
727;Expectativa e descrição
3138;Não recomenda
3138;Defeitos
3281;Arrependimento
3281;Qualidade
3689;Não recomenda
3689;Qualidade
4137;Expectativa e descrição
5412;Durabilidade
5412;Preço e valor
6490;Expectativa e descrição
9010;Expectativa e descrição
9591;Durabilidade
9591;Preço e valor
516;Durabilidade
734;Não recomenda
734;Defeitos
1119;Arrependimento
1119;Qualidade
2351;Durabilidade
2697;Não recomenda
2697;Defeitos
3122;Não recomenda
3122;Qualidade
3614;Durabilidade
3614;Preço e valor
3727;Expectativa e descrição
3806;Expectativa e descrição
4828;Durabilidade
4828;Preço e valor
5436;Expectativa e descrição
6081;Não recomenda
6081;Qualidade
7605;Expectativa e descrição
7865;Durabilidade
7865;Preço e valor
8140;Arrependimento
8140;Qualidade
1709;Expectativa e descrição
2526;Durabilidade
2526;Preço e valor
2771;Não recomenda
2771;Qualidade
6131;Durabilidade
6131;Preço e valor
6471;Durabilidade
6510;Arrependimento
6510;Qualidade
7431;Não recomenda
7431;Qualidade
7756;Durabilidade
7756;Preço e valor
630;Durabilidade
630;Preço e valor
1611;Não recomenda
1611;Qualidade
2330;Expectativa e descrição
2746;Expectativa e descrição
2801;Não recomenda
2801;Qualidade
2850;Expectativa e descrição
3564;Não recomenda
3564;Qualidade
5240;Não recomenda
5240;Qualidade
5800;Expectativa e descrição
5926;Expectativa e descrição
6549;Expectativa e descrição
8704;Durabilidade
510;Arrependimento
510;Qualidade
633;Durabilidade
840;Arrependimento
840;Qualidade
1353;Arrependimento
1353;Qualidade
2333;Expectativa e descrição
3262;Expectativa e descrição
3651;Durabilidade
4152;Não recomenda
4152;Defeitos
4323;Durabilidade
4323;Preço e valor
4393;Expectativa e descrição
4739;Arrependimento
4739;Qualidade
5153;Durabilidade
6289;Arrependimento
6289;Qualidade
6387;Arrependimento
6387;Qualidade
7137;Expectativa e descrição
7493;Expectativa e descrição
7794;Expectativa e descrição
8173;Expectativa e descrição
8334;Expectativa e descrição
8558;Expectativa e descrição
9021;Expectativa e descrição
9130;Expectativa e descrição
9484;Arrependimento
9484;Qualidade
658;Expectativa e descrição
1716;Não recomenda
1716;Qualidade
2248;Durabilidade
2248;Preço e valor
2480;Expectativa e descrição
2654;Expectativa e descrição
3808;Durabilidade
5384;Expectativa e descrição
7523;Expectativa e descrição
9080;Não recomenda
9080;Defeitos
101;Durabilidade
101;Preço e valor
959;Durabilidade
1190;Expectativa e descrição
1354;Durabilidade
1354;Preço e valor
1602;Expectativa e descrição
2192;Expectativa e descrição
3350;Não recomenda
3350;Qualidade
3585;Não recomenda
3585;Defeitos
3709;Expectativa e descrição
4346;Não recomenda
4346;Defeitos
4834;Não recomenda
4834;Qualidade
5254;Expectativa e descrição
5745;Expectativa e descrição
7495;Expectativa e descrição
8766;Expectativa e descrição
9557;Arrependimento
9557;Qualidade
624;Não recomenda
624;Qualidade
800;Durabilidade
800;Preço e valor
1927;Expectativa e descrição
2545;Expectativa e descrição
4164;Não recomenda
4164;Defeitos
5414;Arrependimento
5414;Qualidade
5669;Expectativa e descrição
6313;Expectativa e descrição
6775;Expectativa e descrição
6970;Não recomenda
6970;Qualidade
7230;Expectativa e descrição
7580;Não recomenda
7580;Defeitos
8901;Expectativa e descrição
45;Expectativa e descrição
962;Não recomenda
962;Defeitos
1014;Expectativa e descrição
2323;Não recomenda
2323;Qualidade
2692;Expectativa e descrição
3951;Expectativa e descrição
4237;Durabilidade
4237;Preço e valor
4505;Expectativa e descrição
5133;Durabilidade
5884;Arrependimento
5884;Qualidade
5993;Não recomenda
5993;Defeitos
7690;Arrependimento
7690;Qualidade
7988;Não recomenda
7988;Qualidade
8421;Não recomenda
8421;Qualidade
9502;Expectativa e descrição
701;Durabilidade
701;Preço e valor
1084;Expectativa e descrição
1565;Durabilidade
2415;Não recomenda
2415;Defeitos
3544;Expectativa e descrição
3698;Não recomenda
3698;Qualidade
4823;Durabilidade
5632;Expectativa e descrição
5704;Durabilidade
6069;Expectativa e descrição
7354;Não recomenda
7354;Qualidade
7706;Expectativa e descrição
7893;Não recomenda
7893;Qualidade
8972;Durabilidade
8972;Preço e valor
8989;Arrependimento
8989;Qualidade
9001;Expectativa e descrição
9531;Arrependimento
9531;Qualidade
9901;Não recomenda
9901;Qualidade
887;Durabilidade
887;Preço e valor
894;Arrependimento
894;Qualidade
1124;Arrependimento
1124;Qualidade
1529;Durabilidade
1529;Preço e valor
1588;Durabilidade
2055;Não recomenda
2055;Qualidade
2328;Arrependimento
2328;Qualidade
2875;Arrependimento
2875;Qualidade
3130;Não recomenda
3130;Defeitos
3389;Não recomenda
3389;Qualidade
4338;Durabilidade
6976;Não recomenda
6976;Qualidade
7109;Durabilidade
8679;Durabilidade
9632;Não recomenda
9632;Qualidade
1087;Expectativa e descrição
3045;Durabilidade
3846;Não recomenda
3846;Qualidade
3874;Não recomenda
3874;Defeitos
4490;Durabilidade
4736;Expectativa e descrição
5408;Arrependimento
5408;Qualidade
6246;Não recomenda
6246;Qualidade
6422;Não recomenda
6422;Defeitos
6592;Durabilidade
6592;Preço e valor
7041;Expectativa e descrição
7326;Não recomenda
7326;Qualidade
7601;Não recomenda
7601;Qualidade
8385;Expectativa e descrição
9061;Arrependimento
9061;Qualidade
9738;Expectativa e descrição
221;Não recomenda
221;Qualidade
1883;Expectativa e descrição
3268;Durabilidade
5370;Expectativa e descrição
7260;Arrependimento
7260;Qualidade
7423;Durabilidade
7423;Preço e valor
7477;Expectativa e descrição
7664;Expectativa e descrição
8879;Expectativa e descrição
9187;Expectativa e descrição
782;Expectativa e descrição
1308;Não recomenda
1308;Defeitos
1582;Expectativa e descrição
2074;Durabilidade
2849;Não recomenda
2849;Qualidade
4760;Durabilidade
4760;Preço e valor
5383;Durabilidade
5502;Não recomenda
5502;Qualidade
5659;Durabilidade
7051;Não recomenda
7051;Defeitos
7875;Expectativa e descrição
7996;Não recomenda
7996;Qualidade
8353;Durabilidade
8353;Preço e valor
9284;Expectativa e descrição
386;Não recomenda
386;Qualidade
1325;Durabilidade
1325;Preço e valor
1654;Não recomenda
1654;Qualidade
2003;Expectativa e descrição
2025;Durabilidade
2025;Preço e valor
2380;Expectativa e descrição
2465;Durabilidade
3084;Não recomenda
3084;Defeitos
4115;Durabilidade
5633;Não recomenda
5633;Defeitos
6336;Arrependimento
6336;Qualidade
6676;Expectativa e descrição
8487;Não recomenda
8487;Qualidade
8813;Expectativa e descrição
9158;Expectativa e descrição
9983;Expectativa e descrição
391;Expectativa e descrição
422;Expectativa e descrição
485;Expectativa e descrição
796;Expectativa e descrição
1488;Arrependimento
1488;Qualidade
1751;Expectativa e descrição
3176;Não recomenda
3176;Defeitos
3703;Expectativa e descrição
3832;Expectativa e descrição
4210;Arrependimento
4210;Qualidade
4350;Durabilidade
5339;Arrependimento
5339;Qualidade
5551;Durabilidade
5551;Preço e valor
5711;Arrependimento
5711;Qualidade
5992;Expectativa e descrição
6183;Durabilidade
6183;Preço e valor
6380;Expectativa e descrição
6983;Não recomenda
6983;Defeitos
8238;Arrependimento
8238;Qualidade
8400;Não recomenda
8400;Qualidade
9041;Não recomenda
9041;Qualidade
9682;Durabilidade
32;Não recomenda
32;Qualidade
40;Expectativa e descrição
245;Durabilidade
341;Expectativa e descrição
1169;Não recomenda
1169;Qualidade
1466;Arrependimento
1466;Qualidade
1655;Não recomenda
1655;Defeitos
1910;Não recomenda
1910;Defeitos
2133;Durabilidade
2238;Durabilidade
2238;Preço e valor
2322;Não recomenda
2322;Qualidade
2374;Não recomenda
2374;Defeitos
3381;Expectativa e descrição
4053;Não recomenda
4053;Qualidade
4534;Não recomenda
4534;Defeitos
4535;Não recomenda
4535;Qualidade
4671;Não recomenda
4671;Defeitos
4809;Expectativa e descrição
5083;Durabilidade
5184;Expectativa e descrição
5837;Durabilidade
5837;Preço e valor
6498;Durabilidade
6498;Preço e valor
7035;Durabilidade
7131;Arrependimento
7131;Qualidade
7267;Expectativa e descrição
7397;Expectativa e descrição
8024;Não recomenda
8024;Defeitos
8398;Durabilidade
8398;Preço e valor
9245;Expectativa e descrição
9807;Não recomenda
9807;Qualidade
2177;Durabilidade
2177;Não recomenda
3064;Qualidade
3064;Preço e valor
9348;Durabilidade
3648;Durabilidade
5755;Durabilidade
6595;Durabilidade
6595;Preço e valor
7608;Durabilidade
62;Ruído
3251;Durabilidade
3251;Expectativa e descrição
7533;Ruído
8860;Não recomenda
8860;Expectativa e descrição
1533;Ruído
9741;Durabilidade
9741;Preço e valor
872;Durabilidade
872;Defeitos
907;Não recomenda
907;Ruído
907;Preço e valor
6944;Não recomenda
6944;Ruído
216;Durabilidade
216;Qualidade
2024;Não recomenda
2024;Qualidade
2024;Expectativa e descrição
6627;Qualidade
6627;Preço e valor
9406;Não recomenda
9406;Qualidade
7901;Expectativa e descrição
8087;Expectativa e descrição
8988;Expectativa e descrição
9451;Expectativa e descrição
5629;Expectativa e descrição
6320;Expectativa e descrição
7084;Qualidade
9411;Qualidade
9411;Expectativa e descrição
421;Arrependimento
421;Qualidade
6998;Qualidade
6998;Preço e valor
7801;Não recomenda
7801;Qualidade
8501;Durabilidade
4698;Durabilidade
4698;Preço e valor
2125;Produto básico ou comum
2651;Expectativa e descrição
6028;Expectativa e descrição
6110;Desempenho e eficiência
6110;Produto básico ou comum
6872;Produto básico ou comum
8020;Produto básico ou comum
9145;Expectativa e descrição
9145;Entrega
9145;Produto básico ou comum
327;Produto básico ou comum
8937;Expectativa e descrição
8937;Marca
9945;Expectativa e descrição
9945;Marca
91;Arrependimento
91;Qualidade
689;Expectativa e descrição
1052;Durabilidade
1052;Preço e valor
1351;Expectativa e descrição
1770;Expectativa e descrição
2494;Não recomenda
2494;Qualidade
2843;Não recomenda
2843;Defeitos
3174;Expectativa e descrição
4209;Expectativa e descrição
4485;Não recomenda
4485;Qualidade
4554;Durabilidade
4928;Expectativa e descrição
5398;Não recomenda
5398;Defeitos
5505;Arrependimento
5505;Qualidade
6235;Expectativa e descrição
6792;Arrependimento
6792;Qualidade
8027;Não recomenda
8027;Defeitos
8149;Não recomenda
8149;Qualidade
8330;Não recomenda
8330;Defeitos
8412;Não recomenda
8412;Defeitos
8489;Não recomenda
8489;Qualidade
8598;Expectativa e descrição
9081;Expectativa e descrição
9287;Arrependimento
9287;Qualidade
9529;Expectativa e descrição
9711;Não recomenda
9711;Qualidade
71;Não recomenda
71;Defeitos
307;Arrependimento
307;Qualidade
936;Não recomenda
936;Defeitos
1062;Expectativa e descrição
3158;Não recomenda
3158;Defeitos
3521;Arrependimento
3521;Qualidade
3552;Arrependimento
3552;Qualidade
3571;Durabilidade
3837;Arrependimento
3837;Qualidade
4694;Expectativa e descrição
4723;Expectativa e descrição
5109;Não recomenda
5109;Qualidade
5261;Durabilidade
5261;Preço e valor
5634;Expectativa e descrição
5708;Não recomenda
5708;Defeitos
5872;Durabilidade
5875;Não recomenda
5875;Qualidade
6055;Arrependimento
6055;Qualidade
6370;Arrependimento
6370;Qualidade
6819;Durabilidade
6819;Preço e valor
7250;Durabilidade
7250;Preço e valor
7470;Durabilidade
7723;Durabilidade
7788;Não recomenda
7788;Defeitos
9019;Arrependimento
9019;Qualidade
9297;Não recomenda
9297;Defeitos
9343;Expectativa e descrição
26;Expectativa e descrição
152;Durabilidade
1170;Expectativa e descrição
1242;Expectativa e descrição
1591;Expectativa e descrição
1767;Não recomenda
1767;Defeitos
2233;Arrependimento
2233;Qualidade
2357;Não recomenda
2357;Qualidade
2944;Arrependimento
2944;Qualidade
3513;Arrependimento
3513;Qualidade
3715;Durabilidade
4462;Durabilidade
4793;Durabilidade
4793;Preço e valor
5080;Não recomenda
5080;Defeitos
5392;Expectativa e descrição
5799;Expectativa e descrição
5960;Arrependimento
5960;Qualidade
6256;Arrependimento
6256;Qualidade
6871;Não recomenda
6871;Qualidade
7021;Arrependimento
7021;Qualidade
7570;Não recomenda
7570;Qualidade
7995;Não recomenda
7995;Defeitos
8431;Não recomenda
8431;Qualidade
8652;Expectativa e descrição
9116;Expectativa e descrição
9352;Expectativa e descrição
9882;Expectativa e descrição
9996;Expectativa e descrição
39;Durabilidade
39;Preço e valor
51;Não recomenda
51;Defeitos
1396;Expectativa e descrição
1818;Durabilidade
1955;Expectativa e descrição
2178;Expectativa e descrição
2345;Expectativa e descrição
2528;Expectativa e descrição
2643;Arrependimento
2643;Qualidade
2785;Expectativa e descrição
2957;Arrependimento
2957;Qualidade
3719;Não recomenda
3719;Defeitos
3781;Não recomenda
3781;Defeitos
4950;Não recomenda
4950;Qualidade
4972;Arrependimento
4972;Qualidade
5233;Durabilidade
5577;Não recomenda
5577;Qualidade
6272;Durabilidade
6836;Não recomenda
6836;Defeitos
7517;Não recomenda
7517;Defeitos
8360;Não recomenda
8360;Qualidade
9052;Arrependimento
9052;Qualidade
9300;Durabilidade
9440;Não recomenda
9440;Qualidade
1040;Expectativa e descrição
1326;Expectativa e descrição
1411;Expectativa e descrição
1807;Expectativa e descrição
2648;Expectativa e descrição
3839;Não recomenda
3839;Defeitos
3966;Expectativa e descrição
4309;Arrependimento
4309;Qualidade
4853;Expectativa e descrição
4897;Durabilidade
4914;Arrependimento
4914;Qualidade
4922;Não recomenda
4922;Qualidade
5352;Arrependimento
5352;Qualidade
5377;Durabilidade
6326;Não recomenda
6326;Qualidade
6378;Não recomenda
6378;Defeitos
6539;Expectativa e descrição
6799;Expectativa e descrição
6827;Expectativa e descrição
7174;Arrependimento
7174;Qualidade
7559;Expectativa e descrição
7777;Não recomenda
7777;Defeitos
8168;Arrependimento
8168;Qualidade
125;Durabilidade
125;Preço e valor
179;Durabilidade
299;Expectativa e descrição
650;Não recomenda
650;Defeitos
2096;Expectativa e descrição
2402;Arrependimento
2402;Qualidade
2751;Arrependimento
2751;Qualidade
3820;Expectativa e descrição
3886;Durabilidade
3886;Preço e valor
4116;Expectativa e descrição
4395;Durabilidade
4603;Durabilidade
4603;Preço e valor
4767;Arrependimento
4767;Qualidade
5140;Durabilidade
5140;Preço e valor
5192;Expectativa e descrição
5798;Expectativa e descrição
6167;Arrependimento
6167;Qualidade
7092;Expectativa e descrição
7531;Expectativa e descrição
8361;Durabilidade
8699;Arrependimento
8699;Qualidade
9459;Expectativa e descrição
158;Durabilidade
174;Não recomenda
174;Qualidade
315;Expectativa e descrição
428;Durabilidade
428;Preço e valor
1801;Expectativa e descrição
2212;Expectativa e descrição
2416;Não recomenda
2416;Qualidade
2863;Expectativa e descrição
3270;Expectativa e descrição
3991;Não recomenda
3991;Qualidade
4934;Durabilidade
4934;Preço e valor
5172;Durabilidade
5631;Não recomenda
5631;Qualidade
6195;Expectativa e descrição
6524;Expectativa e descrição
8684;Expectativa e descrição
8846;Durabilidade
8846;Preço e valor
8970;Expectativa e descrição
9228;Arrependimento
9228;Qualidade
9474;Expectativa e descrição
9927;Arrependimento
9927;Qualidade
66;Arrependimento
66;Qualidade
568;Não recomenda
568;Defeitos
584;Durabilidade
584;Preço e valor
860;Durabilidade
860;Preço e valor
880;Durabilidade
880;Preço e valor
1217;Arrependimento
1217;Qualidade
1482;Não recomenda
1482;Defeitos
1541;Durabilidade
2057;Durabilidade
2057;Preço e valor
2381;Não recomenda
2381;Defeitos
3005;Não recomenda
3005;Defeitos
3385;Não recomenda
3385;Qualidade
3669;Arrependimento
3669;Qualidade
4232;Não recomenda
4232;Qualidade
4738;Expectativa e descrição
5249;Expectativa e descrição
5847;Expectativa e descrição
5891;Durabilidade
5891;Preço e valor
5980;Não recomenda
5980;Qualidade
5982;Expectativa e descrição
6620;Não recomenda
6620;Qualidade
7274;Arrependimento
7274;Qualidade
7441;Durabilidade
7441;Preço e valor
7940;Durabilidade
7940;Preço e valor
8101;Durabilidade
8101;Preço e valor
8274;Durabilidade
8789;Expectativa e descrição
8922;Expectativa e descrição
9053;Não recomenda
9053;Defeitos
9507;Arrependimento
9507;Qualidade
9642;Durabilidade
9642;Preço e valor
9797;Expectativa e descrição
184;Expectativa e descrição
467;Não recomenda
467;Defeitos
507;Durabilidade
598;Expectativa e descrição
1224;Durabilidade
1348;Expectativa e descrição
1509;Não recomenda
1509;Qualidade
1579;Arrependimento
1579;Qualidade
1606;Durabilidade
1713;Não recomenda
1713;Defeitos
2065;Arrependimento
2065;Qualidade
2584;Arrependimento
2584;Qualidade
2879;Expectativa e descrição
2889;Arrependimento
2889;Qualidade
3187;Expectativa e descrição
3422;Não recomenda
3422;Qualidade
3754;Expectativa e descrição
3903;Expectativa e descrição
4233;Não recomenda
4233;Defeitos
4316;Durabilidade
4316;Preço e valor
4522;Não recomenda
4522;Defeitos
6207;Expectativa e descrição
6921;Durabilidade
6951;Não recomenda
6951;Qualidade
8591;Expectativa e descrição
8613;Expectativa e descrição
8733;Durabilidade
8733;Preço e valor
9106;Não recomenda
9106;Qualidade
9380;Arrependimento
9380;Qualidade
9590;Não recomenda
9590;Defeitos
242;Arrependimento
242;Qualidade
1252;Durabilidade
1252;Preço e valor
1671;Expectativa e descrição
2099;Expectativa e descrição
5231;Durabilidade
5231;Preço e valor
5274;Arrependimento
5274;Qualidade
6115;Arrependimento
6115;Qualidade
6158;Não recomenda
6158;Qualidade
6253;Arrependimento
6253;Qualidade
6296;Durabilidade
7050;Não recomenda
7050;Qualidade
8102;Arrependimento
8102;Qualidade
8187;Expectativa e descrição
8320;Expectativa e descrição
8376;Arrependimento
8376;Qualidade
9758;Expectativa e descrição
427;Expectativa e descrição
628;Expectativa e descrição
1179;Expectativa e descrição
1447;Expectativa e descrição
1890;Não recomenda
1890;Qualidade
2207;Expectativa e descrição
2280;Arrependimento
2280;Qualidade
2324;Expectativa e descrição
2722;Durabilidade
3071;Expectativa e descrição
3214;Durabilidade
3214;Preço e valor
3668;Expectativa e descrição
3725;Arrependimento
3725;Qualidade
4006;Durabilidade
4015;Durabilidade
4033;Não recomenda
4033;Defeitos
4512;Expectativa e descrição
4665;Expectativa e descrição
4769;Expectativa e descrição
4838;Expectativa e descrição
5393;Não recomenda
5393;Qualidade
5490;Expectativa e descrição
5851;Arrependimento
5851;Qualidade
5989;Durabilidade
5989;Preço e valor
6493;Expectativa e descrição
6852;Expectativa e descrição
7160;Expectativa e descrição
7419;Expectativa e descrição
8586;Não recomenda
8586;Defeitos
8625;Expectativa e descrição
8629;Não recomenda
8629;Qualidade
8905;Durabilidade
9370;Durabilidade
9370;Preço e valor
9764;Não recomenda
9764;Defeitos
59;Arrependimento
59;Qualidade
810;Não recomenda
810;Defeitos
934;Arrependimento
934;Qualidade
956;Arrependimento
956;Qualidade
971;Expectativa e descrição
1002;Durabilidade
1002;Preço e valor
1068;Expectativa e descrição
1417;Arrependimento
1417;Qualidade
1992;Expectativa e descrição
2964;Durabilidade
3153;Durabilidade
3153;Preço e valor
3420;Durabilidade
3650;Não recomenda
3650;Qualidade
4009;Não recomenda
4009;Qualidade
4125;Expectativa e descrição
4975;Expectativa e descrição
5693;Não recomenda
5693;Defeitos
6066;Não recomenda
6066;Qualidade
6219;Não recomenda
6219;Defeitos
6331;Não recomenda
6331;Qualidade
6483;Durabilidade
6483;Preço e valor
6855;Arrependimento
6855;Qualidade
7582;Durabilidade
8050;Não recomenda
8050;Qualidade
8638;Arrependimento
8638;Qualidade
9212;Não recomenda
9212;Defeitos
9324;Durabilidade
9332;Durabilidade
9332;Preço e valor
9478;Expectativa e descrição
671;Expectativa e descrição
937;Não recomenda
937;Defeitos
1012;Não recomenda
1012;Defeitos
1021;Não recomenda
1021;Qualidade
1259;Durabilidade
1285;Arrependimento
1285;Qualidade
2451;Não recomenda
2451;Qualidade
2614;Durabilidade
2940;Expectativa e descrição
3015;Não recomenda
3015;Qualidade
3534;Durabilidade
4355;Expectativa e descrição
5180;Não recomenda
5180;Defeitos
5296;Durabilidade
5332;Não recomenda
5332;Qualidade
5434;Não recomenda
5434;Defeitos
6398;Expectativa e descrição
6681;Expectativa e descrição
6862;Expectativa e descrição
8152;Não recomenda
8152;Qualidade
8907;Expectativa e descrição
8938;Durabilidade
8938;Preço e valor
9328;Durabilidade
9568;Arrependimento
9568;Qualidade
141;Durabilidade
1233;Não recomenda
1233;Defeitos
1340;Expectativa e descrição
1489;Durabilidade
1489;Preço e valor
1695;Expectativa e descrição
2414;Não recomenda
2414;Defeitos
3105;Expectativa e descrição
3134;Expectativa e descrição
3667;Arrependimento
3667;Qualidade
4065;Não recomenda
4065;Qualidade
4138;Não recomenda
4138;Qualidade
4510;Durabilidade
4747;Durabilidade
4747;Preço e valor
5917;Expectativa e descrição
5967;Não recomenda
5967;Qualidade
6000;Expectativa e descrição
6011;Arrependimento
6011;Qualidade
6513;Expectativa e descrição
6664;Durabilidade
6664;Preço e valor
7993;Expectativa e descrição
8132;Expectativa e descrição
8340;Durabilidade
8568;Durabilidade
8749;Expectativa e descrição
8810;Durabilidade
8810;Preço e valor
9168;Expectativa e descrição
381;Não recomenda
381;Qualidade
809;Durabilidade
809;Preço e valor
1597;Arrependimento
1597;Qualidade
1682;Durabilidade
2090;Durabilidade
2090;Preço e valor
2435;Expectativa e descrição
2456;Expectativa e descrição
2858;Expectativa e descrição
3114;Expectativa e descrição
3339;Durabilidade
3416;Durabilidade
3416;Preço e valor
3592;Não recomenda
3592;Defeitos
3825;Expectativa e descrição
4994;Arrependimento
4994;Qualidade
5082;Durabilidade
5378;Não recomenda
5378;Qualidade
5508;Não recomenda
5508;Qualidade
6386;Durabilidade
6386;Preço e valor
6533;Expectativa e descrição
7482;Expectativa e descrição
7823;Não recomenda
7823;Qualidade
8119;Expectativa e descrição
8170;Expectativa e descrição
8213;Durabilidade
8213;Preço e valor
8215;Não recomenda
8215;Defeitos
9803;Arrependimento
9803;Qualidade
4;Expectativa e descrição
199;Durabilidade
199;Preço e valor
693;Arrependimento
693;Qualidade
983;Expectativa e descrição
1469;Não recomenda
1469;Qualidade
2720;Durabilidade
2720;Preço e valor
2970;Não recomenda
2970;Qualidade
3119;Arrependimento
3119;Qualidade
3344;Durabilidade
3344;Preço e valor
3384;Expectativa e descrição
4072;Não recomenda
4072;Qualidade
4432;Não recomenda
4432;Qualidade
4854;Expectativa e descrição
4900;Expectativa e descrição
5118;Arrependimento
5118;Qualidade
6031;Durabilidade
6031;Preço e valor
6078;Durabilidade
6078;Preço e valor
6646;Expectativa e descrição
7001;Expectativa e descrição
7837;Arrependimento
7837;Qualidade
7906;Não recomenda
7906;Qualidade
8049;Expectativa e descrição
8178;Expectativa e descrição
8415;Expectativa e descrição
9196;Não recomenda
9196;Qualidade
9658;Durabilidade
9658;Preço e valor
403;Não recomenda
403;Defeitos
713;Não recomenda
713;Defeitos
1045;Arrependimento
1045;Qualidade
1359;Não recomenda
1359;Defeitos
1438;Arrependimento
1438;Qualidade
1586;Expectativa e descrição
1621;Arrependimento
1621;Qualidade
2021;Expectativa e descrição
2370;Durabilidade
3896;Durabilidade
3896;Preço e valor
4019;Expectativa e descrição
4194;Expectativa e descrição
4392;Não recomenda
4392;Qualidade
4420;Arrependimento
4420;Qualidade
5292;Não recomenda
5292;Qualidade
6057;Expectativa e descrição
6120;Arrependimento
6120;Qualidade
6298;Expectativa e descrição
6712;Expectativa e descrição
7384;Durabilidade
7384;Preço e valor
7458;Durabilidade
7521;Expectativa e descrição
7546;Durabilidade
7658;Arrependimento
7658;Qualidade
8077;Durabilidade
8462;Não recomenda
8462;Qualidade
8931;Não recomenda
8931;Qualidade
9488;Não recomenda
9488;Qualidade
9935;Expectativa e descrição
413;Expectativa e descrição
477;Não recomenda
477;Defeitos
973;Não recomenda
973;Defeitos
1158;Expectativa e descrição
1376;Não recomenda
1376;Qualidade
1995;Não recomenda
1995;Qualidade
2427;Expectativa e descrição
2674;Expectativa e descrição
2942;Expectativa e descrição
3485;Expectativa e descrição
4133;Expectativa e descrição
4148;Não recomenda
4148;Defeitos
4242;Expectativa e descrição
4328;Expectativa e descrição
4600;Expectativa e descrição
5592;Durabilidade
5789;Durabilidade
5789;Preço e valor
5827;Não recomenda
5827;Defeitos
5885;Não recomenda
5885;Qualidade
6102;Expectativa e descrição
6725;Não recomenda
6725;Qualidade
7076;Expectativa e descrição
8742;Durabilidade
9088;Durabilidade
9102;Durabilidade
9102;Preço e valor
183;Arrependimento
183;Qualidade
853;Não recomenda
853;Defeitos
1097;Durabilidade
1097;Preço e valor
1738;Expectativa e descrição
1989;Não recomenda
1989;Qualidade
1990;Não recomenda
1990;Qualidade
1991;Expectativa e descrição
2035;Arrependimento
2035;Qualidade
2634;Não recomenda
2634;Qualidade
2963;Expectativa e descrição
3259;Arrependimento
3259;Qualidade
3836;Arrependimento
3836;Qualidade
3979;Durabilidade
4253;Não recomenda
4253;Qualidade
6152;Expectativa e descrição
6325;Expectativa e descrição
6353;Não recomenda
6353;Qualidade
6642;Durabilidade
6642;Preço e valor
6745;Arrependimento
6745;Qualidade
7162;Não recomenda
7162;Qualidade
7165;Arrependimento
7165;Qualidade
7184;Arrependimento
7184;Qualidade
7273;Não recomenda
7273;Defeitos
7366;Não recomenda
7366;Qualidade
7567;Durabilidade
7567;Preço e valor
7683;Expectativa e descrição
7833;Expectativa e descrição
7900;Expectativa e descrição
8109;Não recomenda
8109;Qualidade
8689;Não recomenda
8689;Defeitos
8754;Expectativa e descrição
8817;Expectativa e descrição
8826;Arrependimento
8826;Qualidade
9050;Não recomenda
9050;Defeitos
9630;Expectativa e descrição
72;Expectativa e descrição
159;Não recomenda
159;Defeitos
291;Durabilidade
954;Durabilidade
1365;Durabilidade
1912;Expectativa e descrição
2301;Durabilidade
2301;Preço e valor
2449;Arrependimento
2449;Qualidade
2711;Expectativa e descrição
2861;Durabilidade
2861;Preço e valor
3146;Durabilidade
3146;Preço e valor
3241;Arrependimento
3241;Qualidade
3361;Durabilidade
3811;Durabilidade
4557;Expectativa e descrição
5911;Expectativa e descrição
5978;Não recomenda
5978;Defeitos
5990;Expectativa e descrição
6048;Expectativa e descrição
6185;Arrependimento
6185;Qualidade
6607;Expectativa e descrição
6699;Expectativa e descrição
6948;Expectativa e descrição
7009;Durabilidade
7467;Expectativa e descrição
7506;Não recomenda
7506;Defeitos
7514;Durabilidade
7514;Preço e valor
8716;Não recomenda
8716;Qualidade
9340;Durabilidade
9340;Preço e valor
9368;Não recomenda
9368;Qualidade
9512;Expectativa e descrição
9670;Durabilidade
9739;Expectativa e descrição
9880;Não recomenda
9880;Qualidade
271;Durabilidade
271;Preço e valor
691;Não recomenda
691;Defeitos
909;Arrependimento
909;Qualidade
1091;Não recomenda
1091;Defeitos
1393;Não recomenda
1393;Qualidade
2335;Expectativa e descrição
3267;Expectativa e descrição
3325;Não recomenda
3325;Defeitos
3570;Expectativa e descrição
3730;Durabilidade
3730;Preço e valor
3753;Durabilidade
3753;Preço e valor
3822;Durabilidade
3908;Expectativa e descrição
4011;Não recomenda
4011;Defeitos
4559;Expectativa e descrição
4700;Arrependimento
4700;Qualidade
5074;Expectativa e descrição
5933;Expectativa e descrição
6339;Expectativa e descrição
6693;Durabilidade
6942;Durabilidade
7401;Durabilidade
7401;Preço e valor
8720;Durabilidade
9086;Expectativa e descrição
9181;Expectativa e descrição
9318;Expectativa e descrição
9579;Expectativa e descrição
9881;Não recomenda
9881;Defeitos
105;Não recomenda
105;Defeitos
196;Durabilidade
668;Expectativa e descrição
917;Arrependimento
917;Qualidade
1031;Expectativa e descrição
1398;Não recomenda
1398;Defeitos
2779;Não recomenda
2779;Qualidade
2788;Expectativa e descrição
2873;Durabilidade
2873;Preço e valor
3498;Expectativa e descrição
3993;Arrependimento
3993;Qualidade
4589;Não recomenda
4589;Defeitos
4921;Expectativa e descrição
5023;Não recomenda
5023;Defeitos
5216;Expectativa e descrição
5529;Expectativa e descrição
6605;Não recomenda
6605;Qualidade
6626;Não recomenda
6626;Defeitos
7483;Expectativa e descrição
7504;Expectativa e descrição
7600;Expectativa e descrição
7793;Durabilidade
7832;Expectativa e descrição
8686;Expectativa e descrição
8806;Não recomenda
8806;Qualidade
8899;Durabilidade
8899;Preço e valor
9345;Expectativa e descrição
9445;Expectativa e descrição
139;Durabilidade
483;Não recomenda
483;Qualidade
539;Expectativa e descrição
850;Expectativa e descrição
1277;Durabilidade
1277;Preço e valor
1289;Não recomenda
1289;Qualidade
1490;Expectativa e descrição
1557;Expectativa e descrição
1800;Expectativa e descrição
2154;Não recomenda
2154;Qualidade
2520;Expectativa e descrição
2901;Expectativa e descrição
3504;Expectativa e descrição
3548;Expectativa e descrição
3742;Não recomenda
3742;Defeitos
3918;Expectativa e descrição
4244;Durabilidade
4363;Expectativa e descrição
4821;Expectativa e descrição
4910;Durabilidade
4910;Preço e valor
5103;Expectativa e descrição
5259;Durabilidade
5259;Preço e valor
5372;Expectativa e descrição
6054;Arrependimento
6054;Qualidade
6247;Expectativa e descrição
7626;Durabilidade
7626;Preço e valor
7665;Expectativa e descrição
8475;Expectativa e descrição
8476;Expectativa e descrição
8491;Não recomenda
8491;Defeitos
8554;Durabilidade
8608;Não recomenda
8608;Defeitos
8616;Não recomenda
8616;Qualidade
9787;Durabilidade
9872;Expectativa e descrição
9877;Não recomenda
9877;Qualidade
116;Durabilidade
208;Arrependimento
208;Qualidade
511;Não recomenda
511;Qualidade
675;Não recomenda
675;Qualidade
916;Arrependimento
916;Qualidade
1585;Arrependimento
1585;Qualidade
1766;Durabilidade
1930;Não recomenda
1930;Qualidade
2117;Durabilidade
2117;Preço e valor
2405;Não recomenda
2405;Defeitos
2591;Não recomenda
2591;Defeitos
2726;Durabilidade
2726;Preço e valor
3142;Durabilidade
3142;Preço e valor
3244;Expectativa e descrição
3474;Durabilidade
3637;Durabilidade
3637;Preço e valor
4280;Durabilidade
4530;Arrependimento
4530;Qualidade
5290;Expectativa e descrição
6061;Durabilidade
6728;Expectativa e descrição
6851;Expectativa e descrição
6938;Expectativa e descrição
7755;Arrependimento
7755;Qualidade
7846;Não recomenda
7846;Defeitos
8212;Expectativa e descrição
8290;Não recomenda
8290;Qualidade
8840;Arrependimento
8840;Qualidade
8852;Durabilidade
9555;Expectativa e descrição
9779;Não recomenda
9779;Defeitos
25;Expectativa e descrição
284;Não recomenda
284;Defeitos
1829;Expectativa e descrição
2256;Expectativa e descrição
2653;Expectativa e descrição
2823;Não recomenda
2823;Qualidade
3285;Expectativa e descrição
3533;Não recomenda
3533;Qualidade
3682;Expectativa e descrição
3969;Expectativa e descrição
4208;Expectativa e descrição
4407;Expectativa e descrição
4906;Não recomenda
4906;Defeitos
5129;Expectativa e descrição
5655;Não recomenda
5655;Defeitos
6062;Expectativa e descrição
6654;Expectativa e descrição
7242;Não recomenda
7242;Qualidade
7781;Expectativa e descrição
8134;Expectativa e descrição
8802;Arrependimento
8802;Qualidade
9578;Não recomenda
9578;Qualidade
109;Expectativa e descrição
314;Arrependimento
314;Qualidade
335;Expectativa e descrição
657;Expectativa e descrição
1572;Durabilidade
1572;Preço e valor
1760;Não recomenda
1760;Qualidade
1934;Durabilidade
1971;Expectativa e descrição
2557;Durabilidade
2594;Expectativa e descrição
3207;Arrependimento
3207;Qualidade
3678;Durabilidade
3678;Preço e valor
3743;Expectativa e descrição
3756;Expectativa e descrição
3854;Expectativa e descrição
4025;Não recomenda
4025;Defeitos
4563;Expectativa e descrição
5419;Durabilidade
5419;Preço e valor
5429;Durabilidade
5429;Preço e valor
6019;Expectativa e descrição
6250;Expectativa e descrição
7663;Não recomenda
7663;Defeitos
7703;Não recomenda
7703;Qualidade
8409;Durabilidade
8409;Preço e valor
8523;Durabilidade
8523;Preço e valor
8925;Expectativa e descrição
9347;Durabilidade
9347;Preço e valor
9680;Durabilidade
9723;Não recomenda
9723;Defeitos
99;Expectativa e descrição
445;Durabilidade
1676;Expectativa e descrição
1970;Expectativa e descrição
2800;Não recomenda
2800;Qualidade
2806;Não recomenda
2806;Qualidade
3946;Durabilidade
4225;Expectativa e descrição
4286;Não recomenda
4286;Defeitos
4321;Expectativa e descrição
4423;Expectativa e descrição
4647;Durabilidade
4647;Preço e valor
5197;Expectativa e descrição
5282;Durabilidade
5282;Preço e valor
5413;Não recomenda
5413;Qualidade
5883;Expectativa e descrição
6359;Expectativa e descrição
7068;Arrependimento
7068;Qualidade
7615;Expectativa e descrição
7750;Durabilidade
9006;Arrependimento
9006;Qualidade
9237;Durabilidade
9653;Expectativa e descrição
9701;Expectativa e descrição
9830;Expectativa e descrição
9857;Expectativa e descrição
231;Expectativa e descrição
561;Produto básico ou comum
592;Expectativa e descrição
592;Desempenho e eficiência
592;Produto básico ou comum
672;Produto básico ou comum
724;Desempenho e eficiência
1278;Expectativa e descrição
1278;Marca
1532;Produto básico ou comum
1577;Produto básico ou comum
1860;Desempenho e eficiência
1951;Produto básico ou comum
2029;Produto básico ou comum
2386;Produto básico ou comum
3095;Produto básico ou comum
3335;Expectativa e descrição
3683;Produto básico ou comum
3843;Desempenho e eficiência
3936;Expectativa e descrição
3936;Marca
3975;Produto básico ou comum
4054;Produto básico ou comum
4207;Produto básico ou comum
4221;Produto básico ou comum
4387;Produto básico ou comum
4478;Expectativa e descrição
4478;Marca
4912;Produto básico ou comum
5260;Produto básico ou comum
5469;Expectativa e descrição
5753;Preço e valor
5803;Produto básico ou comum
6002;Produto básico ou comum
6143;Expectativa e descrição
6143;Marca
6293;Produto básico ou comum
7027;Desempenho e eficiência
7269;Produto básico ou comum
7465;Desempenho e eficiência
7789;Expectativa e descrição
7789;Desempenho e eficiência
7789;Produto básico ou comum
7830;Preço e valor
7895;Produto básico ou comum
8450;Expectativa e descrição
8450;Marca
8516;Expectativa e descrição
8516;Marca
8665;Produto básico ou comum
9185;Expectativa e descrição
9185;Marca
9342;Preço e valor
9806;Produto básico ou comum
9989;Produto básico ou comum
318;Produto básico ou comum
699;Preço e valor
1056;Preço e valor
1127;Produto básico ou comum
1609;Produto básico ou comum
2009;Preço e valor
2017;Expectativa e descrição
2128;Expectativa e descrição
2128;Marca
2153;Expectativa e descrição
2569;Expectativa e descrição
2569;Desempenho e eficiência
2569;Produto básico ou comum
2644;Produto básico ou comum
2895;Expectativa e descrição
3080;Desempenho e eficiência
3194;Produto básico ou comum
3642;Produto básico ou comum
3870;Produto básico ou comum
3894;Expectativa e descrição
3894;Desempenho e eficiência
3894;Produto básico ou comum
3965;Produto básico ou comum
4035;Expectativa e descrição
4035;Marca
4699;Expectativa e descrição
4699;Desempenho e eficiência
4699;Produto básico ou comum
4803;Desempenho e eficiência
4976;Produto básico ou comum
5683;Produto básico ou comum
5937;Preço e valor
6346;Expectativa e descrição
6346;Marca
7161;Expectativa e descrição
7405;Expectativa e descrição
7405;Desempenho e eficiência
7405;Produto básico ou comum
7469;Expectativa e descrição
7497;Produto básico ou comum
7508;Expectativa e descrição
7508;Desempenho e eficiência
7508;Produto básico ou comum
7584;Desempenho e eficiência
7933;Expectativa e descrição
8043;Produto básico ou comum
8068;Produto básico ou comum
8073;Produto básico ou comum
8416;Produto básico ou comum
8438;Desempenho e eficiência
8816;Produto básico ou comum
8923;Expectativa e descrição
8923;Desempenho e eficiência
8923;Produto básico ou comum
8967;Desempenho e eficiência
9274;Expectativa e descrição
9274;Desempenho e eficiência
9274;Produto básico ou comum
9668;Desempenho e eficiência
9795;Produto básico ou comum
9970;Produto básico ou comum
1921;Expectativa e descrição
1921;Entrega
1922;Produto básico ou comum
4104;Desempenho e eficiência
5703;Expectativa e descrição
5703;Desempenho e eficiência
7012;Produto básico ou comum
794;Expectativa e descrição
794;Desempenho e eficiência
2814;Desempenho e eficiência
3209;Desempenho e eficiência
3209;Produto básico ou comum
7170;Expectativa e descrição
7170;Entrega
8719;Expectativa e descrição
8719;Desempenho e eficiência
8719;Produto básico ou comum
3967;Expectativa e descrição
3967;Desempenho e eficiência
3967;Produto básico ou comum
8268;Expectativa e descrição
8268;Produto básico ou comum
9593;Expectativa e descrição
9593;Desempenho e eficiência
9593;Produto básico ou comum
9783;Expectativa e descrição
9783;Produto básico ou comum
1793;Produto básico ou comum
2283;Expectativa e descrição
2283;Produto básico ou comum
3182;Desempenho e eficiência
3182;Produto básico ou comum
4593;Produto básico ou comum
5178;Produto básico ou comum
6793;Produto básico ou comum
7650;Desempenho e eficiência
8001;Produto básico ou comum
288;Produto básico ou comum
1106;Desempenho e eficiência
1106;Produto básico ou comum
2216;Expectativa e descrição
2216;Produto básico ou comum
2541;Produto básico ou comum
2560;Produto básico ou comum
2609;Produto básico ou comum
8210;Produto básico ou comum
2951;Produto básico ou comum
8801;Expectativa e descrição
8801;Produto básico ou comum
362;Preço e valor
362;Produto básico ou comum
763;Preço e valor
1657;Preço e valor
3035;Preço e valor
3035;Produto básico ou comum
4564;Preço e valor
5013;Preço e valor
848;Concorrência e alternativas
848;Produto básico ou comum
2236;Concorrência e alternativas
2236;Produto básico ou comum
8260;Concorrência e alternativas
8260;Produto básico ou comum
1442;Expectativa e descrição
1442;Marca
1881;Marca
1881;Entrega
1881;Produto básico ou comum
2886;Expectativa e descrição
2886;Marca
5114;Concorrência e alternativas
5114;Marca
6550;Marca
7234;Expectativa e descrição
7234;Marca
7234;Produto básico ou comum
7306;Marca
8576;Produto básico ou comum
627;Produto básico ou comum
645;Desempenho e eficiência
680;Produto básico ou comum
1355;Expectativa e descrição
1355;Marca
1381;Produto básico ou comum
1394;Expectativa e descrição
1394;Desempenho e eficiência
1394;Produto básico ou comum
1566;Desempenho e eficiência
1865;Produto básico ou comum
1878;Desempenho e eficiência
1918;Expectativa e descrição
1918;Desempenho e eficiência
1918;Produto básico ou comum
1962;Produto básico ou comum
2043;Expectativa e descrição
3228;Expectativa e descrição
3228;Desempenho e eficiência
3228;Produto básico ou comum
3603;Produto básico ou comum
3910;Expectativa e descrição
3921;Preço e valor
3945;Produto básico ou comum
4123;Produto básico ou comum
4364;Expectativa e descrição
4749;Desempenho e eficiência
4772;Produto básico ou comum
4901;Expectativa e descrição
4927;Expectativa e descrição
4927;Desempenho e eficiência
4927;Produto básico ou comum
5295;Preço e valor
5452;Produto básico ou comum
5513;Produto básico ou comum
5726;Desempenho e eficiência
6461;Expectativa e descrição
6461;Marca
6707;Produto básico ou comum
6882;Produto básico ou comum
6900;Expectativa e descrição
6900;Marca
6916;Produto básico ou comum
7047;Preço e valor
7243;Preço e valor
7257;Expectativa e descrição
7349;Expectativa e descrição
7349;Marca
7678;Produto básico ou comum
7780;Produto básico ou comum
7985;Expectativa e descrição
7985;Desempenho e eficiência
7985;Produto básico ou comum
8013;Desempenho e eficiência
8046;Produto básico ou comum
8367;Produto básico ou comum
9139;Preço e valor
9173;Produto básico ou comum
9193;Preço e valor
9263;Expectativa e descrição
9786;Expectativa e descrição
9786;Marca
194;Expectativa e descrição
194;Desempenho e eficiência
194;Produto básico ou comum
206;Produto básico ou comum
359;Preço e valor
1001;Produto básico ou comum
1112;Produto básico ou comum
1386;Expectativa e descrição
1386;Desempenho e eficiência
1386;Produto básico ou comum
1441;Produto básico ou comum
1542;Expectativa e descrição
1542;Desempenho e eficiência
1542;Produto básico ou comum
1662;Expectativa e descrição
1662;Marca
1877;Produto básico ou comum
1919;Produto básico ou comum
2299;Produto básico ou comum
2404;Desempenho e eficiência
2457;Produto básico ou comum
2497;Expectativa e descrição
2497;Desempenho e eficiência
2497;Produto básico ou comum
2809;Produto básico ou comum
2855;Desempenho e eficiência
2887;Expectativa e descrição
2887;Marca
2920;Expectativa e descrição
2920;Desempenho e eficiência
2920;Produto básico ou comum
2946;Produto básico ou comum
2988;Expectativa e descrição
2988;Marca
2993;Produto básico ou comum
3617;Produto básico ou comum
3739;Produto básico ou comum
4161;Preço e valor
4620;Expectativa e descrição
4667;Expectativa e descrição
4667;Desempenho e eficiência
4667;Produto básico ou comum
5077;Expectativa e descrição
5077;Desempenho e eficiência
5077;Produto básico ou comum
5099;Produto básico ou comum
5123;Preço e valor
5397;Produto básico ou comum
5474;Expectativa e descrição
5474;Marca
5645;Desempenho e eficiência
5859;Produto básico ou comum
5888;Preço e valor
6820;Preço e valor
6846;Preço e valor
6940;Desempenho e eficiência
6980;Produto básico ou comum
7189;Desempenho e eficiência
7595;Produto básico ou comum
7775;Produto básico ou comum
7903;Preço e valor
8388;Preço e valor
8498;Desempenho e eficiência
8527;Expectativa e descrição
8527;Desempenho e eficiência
8527;Produto básico ou comum
8566;Produto básico ou comum
8643;Desempenho e eficiência
8760;Produto básico ou comum
9227;Expectativa e descrição
9331;Produto básico ou comum
9520;Desempenho e eficiência
9549;Desempenho e eficiência
9939;Preço e valor
399;Produto básico ou comum
438;Produto básico ou comum
834;Produto básico ou comum
1271;Produto básico ou comum
1525;Preço e valor
1891;Expectativa e descrição
1891;Desempenho e eficiência
1891;Produto básico ou comum
1966;Desempenho e eficiência
2189;Expectativa e descrição
2189;Marca
2214;Produto básico ou comum
2512;Preço e valor
2705;Preço e valor
2792;Produto básico ou comum
3121;Produto básico ou comum
3380;Produto básico ou comum
3868;Expectativa e descrição
4026;Desempenho e eficiência
4051;Preço e valor
4056;Expectativa e descrição
4215;Produto básico ou comum
4811;Expectativa e descrição
4811;Marca
4981;Produto básico ou comum
5052;Expectativa e descrição
5052;Marca
5463;Expectativa e descrição
5463;Desempenho e eficiência
5463;Produto básico ou comum
5638;Produto básico ou comum
5675;Produto básico ou comum
5698;Preço e valor
5935;Expectativa e descrição
6460;Desempenho e eficiência
6856;Produto básico ou comum
6902;Expectativa e descrição
6902;Desempenho e eficiência
6902;Produto básico ou comum
6956;Preço e valor
7103;Produto básico ou comum
7176;Produto básico ou comum
7550;Expectativa e descrição
7550;Desempenho e eficiência
7550;Produto básico ou comum
7805;Produto básico ou comum
8118;Produto básico ou comum
8156;Produto básico ou comum
8331;Expectativa e descrição
8331;Desempenho e eficiência
8331;Produto básico ou comum
8682;Expectativa e descrição
8682;Marca
9649;Expectativa e descrição
9649;Marca
79;Produto básico ou comum
282;Desempenho e eficiência
294;Produto básico ou comum
317;Produto básico ou comum
579;Desempenho e eficiência
1380;Produto básico ou comum
1420;Produto básico ou comum
1902;Expectativa e descrição
1902;Desempenho e eficiência
1902;Produto básico ou comum
1993;Produto básico ou comum
2124;Expectativa e descrição
2124;Marca
2208;Produto básico ou comum
2229;Desempenho e eficiência
2641;Produto básico ou comum
3427;Produto básico ou comum
4129;Produto básico ou comum
4721;Produto básico ou comum
4745;Produto básico ou comum
4999;Expectativa e descrição
4999;Desempenho e eficiência
4999;Produto básico ou comum
5053;Expectativa e descrição
5176;Produto básico ou comum
5318;Produto básico ou comum
5597;Produto básico ou comum
5641;Expectativa e descrição
5641;Desempenho e eficiência
5641;Produto básico ou comum
6058;Produto básico ou comum
6149;Preço e valor
6375;Produto básico ou comum
7143;Expectativa e descrição
7186;Produto básico ou comum
8066;Produto básico ou comum
8408;Expectativa e descrição
8740;Expectativa e descrição
8815;Expectativa e descrição
8815;Marca
8831;Produto básico ou comum
8887;Preço e valor
8982;Preço e valor
9492;Produto básico ou comum
9895;Expectativa e descrição
9993;Produto básico ou comum
80;Produto básico ou comum
118;Preço e valor
426;Desempenho e eficiência
441;Produto básico ou comum
462;Expectativa e descrição
462;Desempenho e eficiência
462;Produto básico ou comum
726;Expectativa e descrição
726;Marca
941;Produto básico ou comum
1101;Produto básico ou comum
1160;Produto básico ou comum
1410;Preço e valor
1446;Preço e valor
1540;Produto básico ou comum
1608;Expectativa e descrição
1608;Desempenho e eficiência
1608;Produto básico ou comum
1932;Produto básico ou comum
2101;Produto básico ou comum
2300;Produto básico ou comum
2514;Produto básico ou comum
2533;Desempenho e eficiência
2550;Produto básico ou comum
3144;Produto básico ou comum
3161;Expectativa e descrição
3274;Preço e valor
3305;Produto básico ou comum
3400;Produto básico ou comum
3469;Desempenho e eficiência
3589;Desempenho e eficiência
4132;Expectativa e descrição
4342;Produto básico ou comum
4638;Produto básico ou comum
5323;Produto básico ou comum
5449;Produto básico ou comum
5489;Produto básico ou comum
5673;Desempenho e eficiência
6492;Produto básico ou comum
6609;Expectativa e descrição
6830;Produto básico ou comum
7357;Expectativa e descrição
7357;Desempenho e eficiência
7357;Produto básico ou comum
7511;Preço e valor
7623;Desempenho e eficiência
7634;Produto básico ou comum
7742;Expectativa e descrição
7908;Preço e valor
8136;Produto básico ou comum
8319;Produto básico ou comum
8758;Expectativa e descrição
8758;Desempenho e eficiência
8758;Produto básico ou comum
8934;Produto básico ou comum
9341;Produto básico ou comum
28;Expectativa e descrição
97;Expectativa e descrição
408;Produto básico ou comum
566;Preço e valor
694;Produto básico ou comum
721;Produto básico ou comum
757;Preço e valor
1448;Produto básico ou comum
1742;Produto básico ou comum
2255;Produto básico ou comum
2429;Produto básico ou comum
2897;Produto básico ou comum
2996;Preço e valor
3006;Expectativa e descrição
3063;Preço e valor
3264;Produto básico ou comum
3898;Expectativa e descrição
3898;Desempenho e eficiência
3898;Produto básico ou comum
4024;Expectativa e descrição
4024;Desempenho e eficiência
4024;Produto básico ou comum
4144;Produto básico ou comum
4549;Preço e valor
4650;Produto básico ou comum
5179;Desempenho e eficiência
5329;Expectativa e descrição
5329;Marca
5446;Expectativa e descrição
5644;Expectativa e descrição
5668;Produto básico ou comum
5897;Expectativa e descrição
5953;Produto básico ou comum
5956;Preço e valor
6111;Produto básico ou comum
6266;Produto básico ou comum
6365;Expectativa e descrição
6365;Desempenho e eficiência
6365;Produto básico ou comum
6417;Desempenho e eficiência
6672;Expectativa e descrição
6672;Desempenho e eficiência
6672;Produto básico ou comum
6936;Expectativa e descrição
6936;Desempenho e eficiência
6936;Produto básico ou comum
7086;Produto básico ou comum
7104;Expectativa e descrição
7104;Marca
7159;Expectativa e descrição
7159;Marca
7289;Expectativa e descrição
7289;Desempenho e eficiência
7289;Produto básico ou comum
7819;Expectativa e descrição
7819;Marca
8747;Expectativa e descrição
8747;Marca
8916;Produto básico ou comum
9307;Expectativa e descrição
9307;Desempenho e eficiência
9307;Produto básico ou comum
9424;Desempenho e eficiência
9462;Produto básico ou comum
9799;Produto básico ou comum
719;Produto básico ou comum
1013;Preço e valor
1375;Expectativa e descrição
1524;Preço e valor
2060;Produto básico ou comum
2135;Preço e valor
2506;Produto básico ou comum
2527;Produto básico ou comum
2764;Preço e valor
3075;Produto básico ou comum
3520;Expectativa e descrição
3520;Marca
3584;Expectativa e descrição
3595;Expectativa e descrição
4040;Produto básico ou comum
4241;Produto básico ou comum
4246;Produto básico ou comum
4294;Expectativa e descrição
4294;Desempenho e eficiência
4294;Produto básico ou comum
4434;Preço e valor
4591;Expectativa e descrição
4591;Desempenho e eficiência
4591;Produto básico ou comum
4658;Preço e valor
4761;Produto básico ou comum
4804;Expectativa e descrição
4804;Marca
5145;Produto básico ou comum
5420;Expectativa e descrição
5420;Desempenho e eficiência
5420;Produto básico ou comum
5681;Produto básico ou comum
5841;Produto básico ou comum
5981;Desempenho e eficiência
6306;Desempenho e eficiência
6803;Desempenho e eficiência
7403;Produto básico ou comum
7577;Expectativa e descrição
7577;Marca
7726;Produto básico ou comum
7835;Produto básico ou comum
8002;Produto básico ou comum
8253;Expectativa e descrição
8253;Desempenho e eficiência
8253;Produto básico ou comum
8958;Produto básico ou comum
9043;Produto básico ou comum
9153;Expectativa e descrição
9199;Preço e valor
9279;Preço e valor
9326;Expectativa e descrição
9681;Expectativa e descrição
9681;Marca
9697;Preço e valor
455;Produto básico ou comum
692;Expectativa e descrição
692;Desempenho e eficiência
692;Produto básico ou comum
741;Expectativa e descrição
833;Expectativa e descrição
1177;Produto básico ou comum
1212;Expectativa e descrição
1497;Produto básico ou comum
1653;Expectativa e descrição
1653;Marca
1750;Preço e valor
1841;Desempenho e eficiência
2007;Expectativa e descrição
2007;Desempenho e eficiência
2007;Produto básico ou comum
3168;Desempenho e eficiência
3647;Produto básico ou comum
3976;Produto básico ou comum
3978;Produto básico ou comum
4080;Produto básico ou comum
4087;Produto básico ou comum
4220;Produto básico ou comum
4239;Expectativa e descrição
4239;Desempenho e eficiência
4239;Produto básico ou comum
4573;Produto básico ou comum
4685;Produto básico ou comum
5900;Expectativa e descrição
5900;Desempenho e eficiência
5900;Produto básico ou comum
6644;Expectativa e descrição
6644;Marca
6769;Produto básico ou comum
6787;Desempenho e eficiência
6931;Produto básico ou comum
7079;Expectativa e descrição
7079;Marca
7099;Produto básico ou comum
7435;Expectativa e descrição
7564;Desempenho e eficiência
7861;Produto básico ou comum
8386;Produto básico ou comum
8513;Preço e valor
8536;Produto básico ou comum
8903;Preço e valor
8980;Desempenho e eficiência
9207;Produto básico ou comum
9234;Expectativa e descrição
9234;Marca
9305;Produto básico ou comum
9524;Expectativa e descrição
9524;Marca
9686;Expectativa e descrição
9686;Desempenho e eficiência
9686;Produto básico ou comum
9720;Expectativa e descrição
9720;Desempenho e eficiência
9720;Produto básico ou comum
17;Expectativa e descrição
17;Marca
108;Expectativa e descrição
108;Desempenho e eficiência
108;Produto básico ou comum
186;Expectativa e descrição
186;Desempenho e eficiência
186;Produto básico ou comum
535;Expectativa e descrição
535;Desempenho e eficiência
535;Produto básico ou comum
625;Produto básico ou comum
631;Produto básico ou comum
758;Expectativa e descrição
758;Desempenho e eficiência
758;Produto básico ou comum
988;Expectativa e descrição
1005;Expectativa e descrição
1096;Produto básico ou comum
1104;Expectativa e descrição
1196;Produto básico ou comum
1215;Desempenho e eficiência
2031;Expectativa e descrição
2031;Desempenho e eficiência
2031;Produto básico ou comum
2190;Expectativa e descrição
2190;Marca
2307;Desempenho e eficiência
2775;Produto básico ou comum
3017;Expectativa e descrição
3404;Expectativa e descrição
3404;Desempenho e eficiência
3404;Produto básico ou comum
3726;Produto básico ou comum
3845;Expectativa e descrição
3845;Desempenho e eficiência
3845;Produto básico ou comum
4091;Produto básico ou comum
4181;Preço e valor
4187;Expectativa e descrição
4187;Desempenho e eficiência
4187;Produto básico ou comum
4193;Produto básico ou comum
4238;Expectativa e descrição
4238;Marca
4359;Expectativa e descrição
4359;Marca
4480;Expectativa e descrição
4480;Desempenho e eficiência
4480;Produto básico ou comum
4529;Expectativa e descrição
4681;Expectativa e descrição
4842;Produto básico ou comum
5055;Desempenho e eficiência
5078;Produto básico ou comum
5526;Produto básico ou comum
5838;Expectativa e descrição
5838;Marca
6103;Expectativa e descrição
6103;Desempenho e eficiência
6103;Produto básico ou comum
6285;Produto básico ou comum
6440;Produto básico ou comum
6445;Produto básico ou comum
6569;Preço e valor
6576;Expectativa e descrição
6576;Marca
6657;Preço e valor
7081;Expectativa e descrição
7081;Desempenho e eficiência
7081;Produto básico ou comum
7126;Desempenho e eficiência
7179;Produto básico ou comum
7248;Expectativa e descrição
7343;Desempenho e eficiência
7845;Produto básico ou comum
7912;Expectativa e descrição
8096;Produto básico ou comum
8414;Produto básico ou comum
8809;Expectativa e descrição
9349;Preço e valor
9468;Desempenho e eficiência
9811;Expectativa e descrição
163;Preço e valor
346;Preço e valor
351;Expectativa e descrição
351;Desempenho e eficiência
351;Produto básico ou comum
822;Expectativa e descrição
822;Marca
1020;Expectativa e descrição
1020;Marca
1152;Produto básico ou comum
1244;Expectativa e descrição
1244;Desempenho e eficiência
1244;Produto básico ou comum
2511;Expectativa e descrição
2511;Desempenho e eficiência
2511;Produto básico ou comum
2714;Desempenho e eficiência
2768;Produto básico ou comum
2965;Expectativa e descrição
2965;Marca
3231;Desempenho e eficiência
3386;Produto básico ou comum
3446;Expectativa e descrição
3446;Desempenho e eficiência
3446;Produto básico ou comum
3503;Expectativa e descrição
3503;Marca
3590;Expectativa e descrição
3912;Produto básico ou comum
4265;Produto básico ou comum
4331;Preço e valor
4518;Expectativa e descrição
4518;Desempenho e eficiência
4518;Produto básico ou comum
4584;Expectativa e descrição
4584;Desempenho e eficiência
4584;Produto básico ou comum
4718;Preço e valor
4852;Expectativa e descrição
4852;Desempenho e eficiência
4852;Produto básico ou comum
4883;Expectativa e descrição
5399;Expectativa e descrição
5399;Marca
5627;Produto básico ou comum
5709;Expectativa e descrição
5709;Marca
5804;Produto básico ou comum
5894;Expectativa e descrição
5894;Marca
6303;Produto básico ou comum
6597;Produto básico ou comum
6800;Desempenho e eficiência
6965;Desempenho e eficiência
7060;Desempenho e eficiência
7097;Preço e valor
7341;Produto básico ou comum
7355;Expectativa e descrição
7727;Preço e valor
7751;Desempenho e eficiência
7896;Produto básico ou comum
7917;Produto básico ou comum
8063;Expectativa e descrição
8063;Desempenho e eficiência
8063;Produto básico ou comum
8172;Produto básico ou comum
8502;Preço e valor
8628;Expectativa e descrição
8628;Marca
8701;Expectativa e descrição
8701;Desempenho e eficiência
8701;Produto básico ou comum
9291;Produto básico ou comum
9299;Produto básico ou comum
9516;Produto básico ou comum
9558;Produto básico ou comum
9571;Produto básico ou comum
9592;Preço e valor
9624;Expectativa e descrição
9624;Desempenho e eficiência
9624;Produto básico ou comum
9663;Produto básico ou comum
220;Produto básico ou comum
237;Expectativa e descrição
354;Expectativa e descrição
640;Expectativa e descrição
640;Marca
1523;Produto básico ou comum
1772;Produto básico ou comum
1859;Produto básico ou comum
2081;Desempenho e eficiência
2671;Preço e valor
2921;Expectativa e descrição
2921;Marca
3296;Expectativa e descrição
3296;Desempenho e eficiência
3296;Produto básico ou comum
3464;Produto básico ou comum
3594;Produto básico ou comum
3701;Produto básico ou comum
3749;Expectativa e descrição
3749;Desempenho e eficiência
3749;Produto básico ou comum
3893;Produto básico ou comum
4180;Expectativa e descrição
4180;Desempenho e eficiência
4180;Produto básico ou comum
4394;Produto básico ou comum
4790;Expectativa e descrição
4924;Produto básico ou comum
4935;Expectativa e descrição
4935;Desempenho e eficiência
4935;Produto básico ou comum
5165;Produto básico ou comum
5598;Produto básico ou comum
5623;Produto básico ou comum
5966;Expectativa e descrição
6105;Produto básico ou comum
6280;Preço e valor
7110;Expectativa e descrição
7191;Produto básico ou comum
7790;Expectativa e descrição
7860;Expectativa e descrição
7860;Desempenho e eficiência
7860;Produto básico ou comum
8191;Preço e valor
8285;Expectativa e descrição
8285;Desempenho e eficiência
8285;Produto básico ou comum
8349;Produto básico ou comum
8630;Expectativa e descrição
8630;Marca
8669;Expectativa e descrição
8669;Desempenho e eficiência
8669;Produto básico ou comum
9048;Produto básico ou comum
9289;Produto básico ou comum
9754;Desempenho e eficiência
1;Preço e valor
63;Produto básico ou comum
718;Produto básico ou comum
919;Preço e valor
961;Desempenho e eficiência
1116;Produto básico ou comum
1913;Expectativa e descrição
2109;Expectativa e descrição
2109;Marca
2254;Produto básico ou comum
2276;Desempenho e eficiência
2354;Preço e valor
2636;Preço e valor
2765;Produto básico ou comum
3343;Produto básico ou comum
3345;Produto básico ou comum
3765;Expectativa e descrição
3765;Desempenho e eficiência
3765;Produto básico ou comum
4276;Expectativa e descrição
4499;Produto básico ou comum
4514;Preço e valor
4709;Produto básico ou comum
4714;Preço e valor
4835;Expectativa e descrição
4835;Desempenho e eficiência
4835;Produto básico ou comum
5001;Expectativa e descrição
5001;Marca
5199;Expectativa e descrição
5375;Expectativa e descrição
5375;Marca
5406;Produto básico ou comum
5769;Produto básico ou comum
5797;Expectativa e descrição
5802;Expectativa e descrição
5802;Desempenho e eficiência
5802;Produto básico ou comum
6097;Produto básico ou comum
6780;Preço e valor
6906;Produto básico ou comum
7144;Produto básico ou comum
7313;Produto básico ou comum
7329;Produto básico ou comum
7644;Expectativa e descrição
7753;Produto básico ou comum
8075;Produto básico ou comum
8257;Produto básico ou comum
8481;Desempenho e eficiência
8503;Preço e valor
9108;Preço e valor
9298;Produto básico ou comum
9678;Expectativa e descrição
9678;Marca
9942;Produto básico ou comum
9971;Desempenho e eficiência
9985;Expectativa e descrição
9985;Marca
296;Expectativa e descrição
519;Expectativa e descrição
745;Preço e valor
861;Expectativa e descrição
861;Desempenho e eficiência
861;Produto básico ou comum
1059;Produto básico ou comum
2002;Expectativa e descrição
2625;Produto básico ou comum
3007;Expectativa e descrição
3024;Produto básico ou comum
3110;Preço e valor
3199;Produto básico ou comum
3526;Expectativa e descrição
3557;Produto básico ou comum
3761;Expectativa e descrição
3944;Desempenho e eficiência
4270;Desempenho e eficiência
4398;Expectativa e descrição
4428;Expectativa e descrição
4651;Produto básico ou comum
4949;Produto básico ou comum
5401;Expectativa e descrição
5401;Marca
5448;Expectativa e descrição
5448;Marca
5510;Produto básico ou comum
5556;Desempenho e eficiência
5628;Produto básico ou comum
5701;Preço e valor
5735;Desempenho e eficiência
5986;Produto básico ou comum
6144;Desempenho e eficiência
6231;Desempenho e eficiência
6920;Produto básico ou comum
7175;Produto básico ou comum
7309;Produto básico ou comum
7538;Produto básico ou comum
7635;Produto básico ou comum
7937;Produto básico ou comum
8065;Preço e valor
8243;Desempenho e eficiência
8266;Produto básico ou comum
8425;Expectativa e descrição
8565;Produto básico ou comum
8595;Produto básico ou comum
8722;Produto básico ou comum
8979;Produto básico ou comum
9014;Produto básico ou comum
9170;Expectativa e descrição
9170;Desempenho e eficiência
9170;Produto básico ou comum
9338;Produto básico ou comum
9397;Desempenho e eficiência
9473;Expectativa e descrição
9473;Desempenho e eficiência
9473;Produto básico ou comum
9785;Produto básico ou comum
9999;Produto básico ou comum
110;Expectativa e descrição
110;Desempenho e eficiência
110;Produto básico ou comum
476;Produto básico ou comum
612;Expectativa e descrição
638;Produto básico ou comum
744;Produto básico ou comum
841;Expectativa e descrição
841;Marca
1115;Produto básico ou comum
1148;Desempenho e eficiência
1199;Produto básico ou comum
1209;Preço e valor
1323;Expectativa e descrição
1323;Marca
1543;Preço e valor
1553;Produto básico ou comum
1656;Produto básico ou comum
1658;Produto básico ou comum
1703;Expectativa e descrição
2051;Expectativa e descrição
2051;Desempenho e eficiência
2051;Produto básico ou comum
2066;Produto básico ou comum
2249;Expectativa e descrição
2259;Produto básico ou comum
2460;Produto básico ou comum
2563;Expectativa e descrição
2563;Desempenho e eficiência
2563;Produto básico ou comum
2583;Produto básico ou comum
2772;Produto básico ou comum
2783;Expectativa e descrição
2783;Desempenho e eficiência
2783;Produto básico ou comum
3113;Produto básico ou comum
3178;Expectativa e descrição
3178;Marca
3835;Produto básico ou comum
4531;Produto básico ou comum
4614;Produto básico ou comum
4617;Expectativa e descrição
4617;Marca
5258;Expectativa e descrição
5258;Marca
5302;Expectativa e descrição
5373;Produto básico ou comum
5437;Produto básico ou comum
5527;Preço e valor
6012;Expectativa e descrição
6012;Desempenho e eficiência
6012;Produto básico ou comum
6479;Produto básico ou comum
6660;Produto básico ou comum
6857;Expectativa e descrição
6857;Marca
7455;Produto básico ou comum
7456;Produto básico ou comum
7572;Produto básico ou comum
8010;Expectativa e descrição
8022;Expectativa e descrição
8127;Expectativa e descrição
8127;Desempenho e eficiência
8127;Produto básico ou comum
8315;Produto básico ou comum
8364;Produto básico ou comum
8445;Desempenho e eficiência
8668;Produto básico ou comum
8987;Expectativa e descrição
9090;Produto básico ou comum
9762;Produto básico ou comum
9974;Produto básico ou comum
65;Expectativa e descrição
65;Marca
138;Produto básico ou comum
580;Produto básico ou comum
607;Produto básico ou comum
1032;Produto básico ou comum
1370;Preço e valor
1576;Produto básico ou comum
1903;Preço e valor
2659;Produto básico ou comum
2885;Produto básico ou comum
3331;Expectativa e descrição
3866;Expectativa e descrição
3866;Marca
4038;Expectativa e descrição
4532;Expectativa e descrição
4532;Marca
4631;Expectativa e descrição
4631;Marca
4660;Produto básico ou comum
4856;Expectativa e descrição
4856;Marca
4964;Produto básico ou comum
5387;Produto básico ou comum
5430;Preço e valor
5749;Expectativa e descrição
5749;Desempenho e eficiência
5749;Produto básico ou comum
5850;Expectativa e descrição
5850;Desempenho e eficiência
5850;Produto básico ou comum
5943;Expectativa e descrição
5943;Desempenho e eficiência
5943;Produto básico ou comum
6045;Produto básico ou comum
6234;Expectativa e descrição
6283;Produto básico ou comum
6443;Produto básico ou comum
6740;Produto básico ou comum
6879;Desempenho e eficiência
6897;Produto básico ou comum
6934;Produto básico ou comum
7222;Preço e valor
7223;Preço e valor
7383;Produto básico ou comum
7809;Expectativa e descrição
7809;Desempenho e eficiência
7809;Produto básico ou comum
8088;Expectativa e descrição
8405;Expectativa e descrição
8405;Desempenho e eficiência
8405;Produto básico ou comum
8654;Produto básico ou comum
8873;Expectativa e descrição
8873;Desempenho e eficiência
8873;Produto básico ou comum
8968;Produto básico ou comum
9258;Produto básico ou comum
9891;Produto básico ou comum
398;Produto básico ou comum
812;Expectativa e descrição
857;Produto básico ou comum
912;Produto básico ou comum
1231;Expectativa e descrição
1231;Marca
1477;Expectativa e descrição
1477;Desempenho e eficiência
1477;Produto básico ou comum
1568;Expectativa e descrição
1755;Preço e valor
1791;Produto básico ou comum
1889;Produto básico ou comum
1907;Expectativa e descrição
2551;Expectativa e descrição
2649;Expectativa e descrição
2649;Marca
3073;Expectativa e descrição
3073;Marca
3287;Desempenho e eficiência
3491;Expectativa e descrição
3546;Expectativa e descrição
3546;Desempenho e eficiência
3546;Produto básico ou comum
3573;Produto básico ou comum
3816;Preço e valor
4146;Produto básico ou comum
4401;Produto básico ou comum
4826;Produto básico ou comum
4946;Expectativa e descrição
5106;Expectativa e descrição
5313;Produto básico ou comum
5793;Desempenho e eficiência
6014;Expectativa e descrição
6014;Desempenho e eficiência
6014;Produto básico ou comum
6206;Expectativa e descrição
6288;Produto básico ou comum
6571;Desempenho e eficiência
6608;Produto básico ou comum
6611;Produto básico ou comum
6849;Produto básico ou comum
7124;Produto básico ou comum
7701;Preço e valor
7816;Produto básico ou comum
8120;Produto básico ou comum
8223;Expectativa e descrição
8223;Marca
8795;Preço e valor
8882;Produto básico ou comum
9159;Expectativa e descrição
9159;Desempenho e eficiência
9159;Produto básico ou comum
9312;Expectativa e descrição
9312;Desempenho e eficiência
9312;Produto básico ou comum
9626;Produto básico ou comum
9941;Expectativa e descrição
9941;Marca
9965;Produto básico ou comum
9978;Produto básico ou comum
325;Produto básico ou comum
560;Expectativa e descrição
560;Desempenho e eficiência
560;Produto básico ou comum
661;Expectativa e descrição
661;Desempenho e eficiência
661;Produto básico ou comum
892;Produto básico ou comum
974;Expectativa e descrição
1071;Produto básico ou comum
1401;Expectativa e descrição
1690;Expectativa e descrição
1690;Marca
1996;Produto básico ou comum
2088;Desempenho e eficiência
2278;Preço e valor
2287;Produto básico ou comum
2464;Expectativa e descrição
2464;Desempenho e eficiência
2464;Produto básico ou comum
2640;Produto básico ou comum
2667;Desempenho e eficiência
2762;Preço e valor
2845;Produto básico ou comum
3509;Expectativa e descrição
3509;Desempenho e eficiência
3509;Produto básico ou comum
3607;Produto básico ou comum
3610;Produto básico ou comum
3797;Expectativa e descrição
3797;Desempenho e eficiência
3797;Produto básico ou comum
4079;Expectativa e descrição
4254;Produto básico ou comum
4269;Expectativa e descrição
4470;Produto básico ou comum
4861;Expectativa e descrição
4861;Desempenho e eficiência
4861;Produto básico ou comum
4907;Produto básico ou comum
5581;Preço e valor
5674;Preço e valor
5720;Desempenho e eficiência
6515;Expectativa e descrição
6515;Desempenho e eficiência
6515;Produto básico ou comum
6680;Expectativa e descrição
6909;Desempenho e eficiência
7088;Produto básico ou comum
7209;Produto básico ou comum
7365;Produto básico ou comum
7695;Preço e valor
8311;Produto básico ou comum
8371;Produto básico ou comum
8618;Expectativa e descrição
8930;Preço e valor
8981;Produto básico ou comum
8990;Desempenho e eficiência
193;Expectativa e descrição
193;Desempenho e eficiência
193;Produto básico ou comum
285;Produto básico ou comum
345;Produto básico ou comum
910;Produto básico ou comum
949;Produto básico ou comum
1046;Produto básico ou comum
1833;Desempenho e eficiência
2315;Preço e valor
2676;Expectativa e descrição
2905;Produto básico ou comum
3148;Expectativa e descrição
3148;Marca
3656;Preço e valor
3793;Expectativa e descrição
3935;Expectativa e descrição
3935;Marca
4027;Expectativa e descrição
4415;Produto básico ou comum
4579;Expectativa e descrição
4579;Desempenho e eficiência
4579;Produto básico ou comum
4815;Produto básico ou comum
5325;Produto básico ou comum
5432;Expectativa e descrição
5432;Marca
5479;Expectativa e descrição
5479;Desempenho e eficiência
5479;Produto básico ou comum
5602;Expectativa e descrição
5758;Expectativa e descrição
6030;Expectativa e descrição
6192;Expectativa e descrição
6192;Desempenho e eficiência
6192;Produto básico ou comum
6276;Desempenho e eficiência
6382;Produto básico ou comum
6677;Expectativa e descrição
6677;Desempenho e eficiência
6677;Produto básico ou comum
7378;Expectativa e descrição
7378;Desempenho e eficiência
7378;Produto básico ou comum
7478;Produto básico ou comum
7987;Produto básico ou comum
8004;Produto básico ou comum
8218;Expectativa e descrição
8218;Marca
8282;Expectativa e descrição
8282;Marca
8796;Produto básico ou comum
9060;Produto básico ou comum
9070;Expectativa e descrição
9070;Desempenho e eficiência
9070;Produto básico ou comum
9862;Expectativa e descrição
9862;Marca
414;Produto básico ou comum
504;Produto básico ou comum
667;Produto básico ou comum
882;Produto básico ou comum
1317;Desempenho e eficiência
1624;Produto básico ou comum
1813;Produto básico ou comum
1982;Produto básico ou comum
2113;Desempenho e eficiência
2589;Produto básico ou comum
2960;Produto básico ou comum
3152;Produto básico ou comum
3238;Produto básico ou comum
3363;Expectativa e descrição
3796;Produto básico ou comum
4159;Expectativa e descrição
4178;Expectativa e descrição
4178;Desempenho e eficiência
4178;Produto básico ou comum
4710;Expectativa e descrição
4710;Desempenho e eficiência
4710;Produto básico ou comum
5120;Produto básico ou comum
5144;Produto básico ou comum
5349;Desempenho e eficiência
5630;Expectativa e descrição
5680;Expectativa e descrição
5689;Expectativa e descrição
5689;Desempenho e eficiência
5689;Produto básico ou comum
6020;Produto básico ou comum
6130;Produto básico ou comum
6565;Produto básico ou comum
6686;Desempenho e eficiência
6737;Expectativa e descrição
7462;Expectativa e descrição
7462;Desempenho e eficiência
7462;Produto básico ou comum
7515;Preço e valor
7526;Produto básico ou comum
7569;Produto básico ou comum
7962;Produto básico ou comum
8295;Desempenho e eficiência
8507;Produto básico ou comum
9127;Preço e valor
9128;Preço e valor
9276;Desempenho e eficiência
9362;Produto básico ou comum
9402;Produto básico ou comum
9595;Desempenho e eficiência
9598;Produto básico ou comum
9760;Produto básico ou comum
9793;Expectativa e descrição
9815;Produto básico ou comum
9889;Produto básico ou comum
27;Produto básico ou comum
121;Produto básico ou comum
168;Produto básico ou comum
373;Produto básico ou comum
508;Preço e valor
670;Produto básico ou comum
678;Produto básico ou comum
1315;Expectativa e descrição
1350;Produto básico ou comum
1552;Produto básico ou comum
1779;Produto básico ou comum
2446;Expectativa e descrição
2446;Marca
2586;Preço e valor
2602;Produto básico ou comum
2837;Produto básico ou comum
2958;Produto básico ou comum
3132;Expectativa e descrição
3132;Desempenho e eficiência
3132;Produto básico ou comum
3288;Preço e valor
3597;Produto básico ou comum
3895;Produto básico ou comum
4049;Produto básico ou comum
4216;Produto básico ou comum
4368;Produto básico ou comum
4448;Desempenho e eficiência
5096;Desempenho e eficiência
6166;Desempenho e eficiência
6171;Produto básico ou comum
6451;Expectativa e descrição
6451;Marca
6477;Expectativa e descrição
6477;Marca
6578;Produto básico ou comum
6603;Preço e valor
6720;Produto básico ou comum
6878;Expectativa e descrição
6878;Marca
7066;Produto básico ou comum
7237;Produto básico ou comum
7437;Produto básico ou comum
7602;Produto básico ou comum
7659;Produto básico ou comum
7867;Produto básico ou comum
7921;Produto básico ou comum
8030;Produto básico ou comum
8289;Expectativa e descrição
8454;Expectativa e descrição
8454;Marca
149;Produto básico ou comum
250;Produto básico ou comum
431;Produto básico ou comum
788;Expectativa e descrição
788;Desempenho e eficiência
788;Produto básico ou comum
865;Produto básico ou comum
876;Expectativa e descrição
876;Marca
1197;Expectativa e descrição
1264;Preço e valor
1334;Desempenho e eficiência
1384;Preço e valor
2012;Preço e valor
2152;Produto básico ou comum
2339;Produto básico ou comum
2441;Expectativa e descrição
2696;Produto básico ou comum
3083;Produto básico ou comum
3163;Produto básico ou comum
3266;Produto básico ou comum
3763;Expectativa e descrição
3763;Desempenho e eficiência
3763;Produto básico ou comum
3961;Preço e valor
3970;Expectativa e descrição
3970;Marca
4021;Produto básico ou comum
4128;Produto básico ou comum
4380;Produto básico ou comum
4566;Preço e valor
4615;Desempenho e eficiência
4746;Expectativa e descrição
5063;Desempenho e eficiência
5275;Produto básico ou comum
5563;Preço e valor
5687;Expectativa e descrição
5816;Produto básico ou comum
5832;Produto básico ou comum
5864;Desempenho e eficiência
5905;Produto básico ou comum
5971;Desempenho e eficiência
6071;Produto básico ou comum
6180;Preço e valor
6201;Produto básico ou comum
6991;Expectativa e descrição
6991;Desempenho e eficiência
6991;Produto básico ou comum
7183;Produto básico ou comum
7247;Produto básico ou comum
7283;Produto básico ou comum
7319;Produto básico ou comum
7330;Produto básico ou comum
7332;Expectativa e descrição
7820;Expectativa e descrição
7820;Marca
8878;Expectativa e descrição
8878;Marca
8888;Preço e valor
9040;Produto básico ou comum
9214;Desempenho e eficiência
9271;Expectativa e descrição
9271;Desempenho e eficiência
9271;Produto básico ou comum
9506;Produto básico ou comum
9908;Produto básico ou comum
729;Produto básico ou comum
950;Desempenho e eficiência
1050;Desempenho e eficiência
1433;Expectativa e descrição
1706;Produto básico ou comum
1837;Preço e valor
1855;Produto básico ou comum
2410;Produto básico ou comum
2430;Desempenho e eficiência
2433;Preço e valor
2450;Produto básico ou comum
2580;Produto básico ou comum
2871;Desempenho e eficiência
2877;Expectativa e descrição
2877;Marca
3062;Produto básico ou comum
3186;Expectativa e descrição
3304;Expectativa e descrição
3330;Expectativa e descrição
3330;Marca
3409;Preço e valor
3455;Desempenho e eficiência
3686;Produto básico ou comum
3721;Expectativa e descrição
3721;Marca
4690;Expectativa e descrição
4690;Desempenho e eficiência
4690;Produto básico ou comum
4762;Produto básico ou comum
4885;Produto básico ou comum
5150;Produto básico ou comum
5699;Expectativa e descrição
5746;Produto básico ou comum
6108;Preço e valor
6148;Produto básico ou comum
6165;Produto básico ou comum
6467;Expectativa e descrição
6467;Marca
6736;Desempenho e eficiência
6810;Expectativa e descrição
6987;Produto básico ou comum
7031;Expectativa e descrição
7059;Expectativa e descrição
7059;Marca
7276;Desempenho e eficiência
7662;Produto básico ou comum
7731;Desempenho e eficiência
7949;Desempenho e eficiência
8115;Expectativa e descrição
8115;Desempenho e eficiência
8115;Produto básico ou comum
8301;Desempenho e eficiência
8834;Expectativa e descrição
8834;Marca
8885;Produto básico ou comum
9230;Produto básico ou comum
9782;Desempenho e eficiência
60;Produto básico ou comum
911;Preço e valor
1110;Produto básico ou comum
1176;Produto básico ou comum
1239;Produto básico ou comum
1408;Produto básico ou comum
1893;Produto básico ou comum
2034;Produto básico ou comum
2211;Produto básico ou comum
2267;Produto básico ou comum
2548;Produto básico ou comum
2590;Produto básico ou comum
2892;Produto básico ou comum
2979;Produto básico ou comum
3032;Expectativa e descrição
3583;Preço e valor
3925;Expectativa e descrição
3925;Desempenho e eficiência
3925;Produto básico ou comum
4063;Produto básico ou comum
4663;Expectativa e descrição
4663;Marca
5046;Produto básico ou comum
5431;Produto básico ou comum
6049;Desempenho e eficiência
6419;Expectativa e descrição
6494;Expectativa e descrição
6494;Marca
6989;Produto básico ou comum
7138;Produto básico ou comum
7217;Produto básico ou comum
7433;Produto básico ou comum
7571;Produto básico ou comum
7667;Produto básico ou comum
8812;Desempenho e eficiência
9046;Expectativa e descrição
9046;Desempenho e eficiência
9046;Produto básico ou comum
9216;Produto básico ou comum
9236;Produto básico ou comum
9837;Produto básico ou comum
9919;Desempenho e eficiência
267;Desempenho e eficiência
360;Produto básico ou comum
765;Preço e valor
969;Expectativa e descrição
990;Expectativa e descrição
990;Marca
1304;Produto básico ou comum
1493;Preço e valor
1527;Expectativa e descrição
1527;Desempenho e eficiência
1527;Produto básico ou comum
1959;Desempenho e eficiência
2180;Expectativa e descrição
2180;Marca
2193;Preço e valor
2767;Produto básico ou comum
3050;Produto básico ou comum
3177;Produto básico ou comum
3211;Produto básico ou comum
3242;Produto básico ou comum
3529;Produto básico ou comum
3625;Produto básico ou comum
4067;Produto básico ou comum
4156;Desempenho e eficiência
4163;Produto básico ou comum
4987;Expectativa e descrição
4987;Desempenho e eficiência
4987;Produto básico ou comum
6146;Expectativa e descrição
6146;Marca
6188;Expectativa e descrição
6334;Produto básico ou comum
6482;Produto básico ou comum
6831;Expectativa e descrição
7589;Expectativa e descrição
7589;Desempenho e eficiência
7589;Produto básico ou comum
7718;Expectativa e descrição
7718;Marca
7811;Desempenho e eficiência
8200;Produto básico ou comum
8318;Expectativa e descrição
8318;Marca
8347;Desempenho e eficiência
8368;Expectativa e descrição
8577;Desempenho e eficiência
9239;Expectativa e descrição
9239;Marca
9412;Produto básico ou comum
70;Produto básico ou comum
392;Produto básico ou comum
447;Expectativa e descrição
447;Desempenho e eficiência
447;Produto básico ou comum
556;Desempenho e eficiência
572;Expectativa e descrição
572;Desempenho e eficiência
572;Produto básico ou comum
1035;Produto básico ou comum
1093;Desempenho e eficiência
1108;Expectativa e descrição
1311;Produto básico ou comum
1731;Expectativa e descrição
1731;Marca
2371;Produto básico ou comum
2691;Preço e valor
2721;Expectativa e descrição
2721;Marca
2914;Produto básico ou comum
3043;Expectativa e descrição
3611;Produto básico ou comum
3798;Expectativa e descrição
4150;Produto básico ou comum
4375;Desempenho e eficiência
4412;Produto básico ou comum
4437;Expectativa e descrição
4437;Desempenho e eficiência
4437;Produto básico ou comum
4460;Desempenho e eficiência
4506;Desempenho e eficiência
4548;Desempenho e eficiência
4585;Produto básico ou comum
4757;Preço e valor
4797;Desempenho e eficiência
5203;Preço e valor
5303;Expectativa e descrição
5303;Marca
5555;Preço e valor
5568;Desempenho e eficiência
5772;Expectativa e descrição
5974;Expectativa e descrição
5996;Produto básico ou comum
6310;Expectativa e descrição
6310;Marca
6751;Preço e valor
7096;Produto básico ou comum
7761;Preço e valor
8358;Produto básico ou comum
8480;Desempenho e eficiência
8592;Produto básico ou comum
8697;Expectativa e descrição
9192;Expectativa e descrição
9192;Marca
9329;Expectativa e descrição
9329;Marca
9392;Expectativa e descrição
9392;Desempenho e eficiência
9392;Produto básico ou comum
9442;Expectativa e descrição
9442;Desempenho e eficiência
9442;Produto básico ou comum
9609;Desempenho e eficiência
9780;Produto básico ou comum
9924;Expectativa e descrição
9924;Desempenho e eficiência
9924;Produto básico ou comum
34;Produto básico ou comum
133;Preço e valor
214;Expectativa e descrição
214;Marca
283;Expectativa e descrição
283;Desempenho e eficiência
283;Produto básico ou comum
613;Expectativa e descrição
874;Desempenho e eficiência
1043;Produto básico ou comum
1500;Expectativa e descrição
1806;Produto básico ou comum
1828;Expectativa e descrição
1828;Marca
1864;Preço e valor
1958;Expectativa e descrição
2172;Produto básico ou comum
2463;Expectativa e descrição
2463;Desempenho e eficiência
2463;Produto básico ou comum
2505;Produto básico ou comum
2595;Produto básico ou comum
2730;Expectativa e descrição
2730;Marca
3098;Produto básico ou comum
3164;Expectativa e descrição
3290;Expectativa e descrição
3290;Desempenho e eficiência
3290;Produto básico ou comum
3340;Expectativa e descrição
3340;Marca
3522;Expectativa e descrição
3522;Marca
3834;Produto básico ou comum
4042;Produto básico ou comum
4066;Produto básico ou comum
4202;Preço e valor
4421;Preço e valor
5018;Preço e valor
5301;Preço e valor
5571;Produto básico ou comum
5741;Expectativa e descrição
7444;Expectativa e descrição
7444;Marca
7744;Expectativa e descrição
7936;Expectativa e descrição
8255;Desempenho e eficiência
8394;Produto básico ou comum
8512;Desempenho e eficiência
8653;Desempenho e eficiência
8681;Expectativa e descrição
8681;Marca
8830;Desempenho e eficiência
8915;Preço e valor
9438;Produto básico ou comum
9752;Expectativa e descrição
9752;Marca
8;Produto básico ou comum
13;Produto básico ou comum
203;Produto básico ou comum
273;Produto básico ou comum
432;Produto básico ou comum
715;Produto básico ou comum
814;Produto básico ou comum
815;Produto básico ou comum
1413;Expectativa e descrição
1413;Desempenho e eficiência
1413;Produto básico ou comum
1784;Desempenho e eficiência
1853;Desempenho e eficiência
1979;Produto básico ou comum
2194;Produto básico ou comum
2412;Produto básico ou comum
2604;Produto básico ou comum
2733;Expectativa e descrição
2733;Desempenho e eficiência
2733;Produto básico ou comum
2795;Preço e valor
2870;Produto básico ou comum
3061;Desempenho e eficiência
3312;Expectativa e descrição
3312;Marca
3406;Produto básico ou comum
3963;Produto básico ou comum
4219;Expectativa e descrição
4236;Produto básico ou comum
4629;Produto básico ou comum
4733;Produto básico ou comum
4755;Produto básico ou comum
5235;Expectativa e descrição
5235;Marca
6332;Produto básico ou comum
6379;Expectativa e descrição
6379;Marca
6458;Produto básico ou comum
6522;Preço e valor
6913;Produto básico ou comum
6997;Expectativa e descrição
6997;Marca
7583;Preço e valor
7800;Expectativa e descrição
8798;Expectativa e descrição
8798;Marca
9062;Produto básico ou comum
9472;Produto básico ou comum
9563;Produto básico ou comum
9577;Preço e valor
9878;Produto básico ou comum
75;Desempenho e eficiência
226;Desempenho e eficiência
287;Expectativa e descrição
388;Recomendação
406;Desempenho e eficiência
496;Expectativa e descrição
496;Entrega
533;Desempenho e eficiência
603;Desempenho e eficiência
752;Desempenho e eficiência
754;Qualidade
831;Qualidade
831;Preço e valor
839;Expectativa e descrição
939;Recomendação
975;Uso diário e praticidade
975;Recomendação
1015;Qualidade
1041;Expectativa e descrição
1041;Entrega
1146;Qualidade
1274;Recomendação
1343;Qualidade
1613;Desempenho e eficiência
1796;Recomendação
1867;Recomendação
1880;Qualidade
2202;Desempenho e eficiência
2355;Desempenho e eficiência
2442;Uso diário e praticidade
2442;Recomendação
2476;Qualidade
2538;Recomendação
2642;Qualidade
2668;Recomendação
2680;Qualidade
2680;Preço e valor
2985;Qualidade
2997;Recomendação
3028;Expectativa e descrição
3056;Desempenho e eficiência
3088;Expectativa e descrição
3093;Uso diário e praticidade
3093;Recomendação
3308;Uso diário e praticidade
3308;Recomendação
3360;Recomendação
3616;Uso diário e praticidade
3616;Recomendação
3842;Expectativa e descrição
4014;Qualidade
4014;Preço e valor
4034;Expectativa e descrição
4495;Qualidade
4580;Expectativa e descrição
4580;Entrega
4583;Expectativa e descrição
4689;Expectativa e descrição
4743;Expectativa e descrição
4751;Desempenho e eficiência
4764;Qualidade
4802;Expectativa e descrição
4802;Entrega
4822;Recomendação
4869;Desempenho e eficiência
4903;Expectativa e descrição
4903;Entrega
4937;Expectativa e descrição
4937;Entrega
4938;Expectativa e descrição
4938;Entrega
5012;Expectativa e descrição
5248;Desempenho e eficiência
5470;Recomendação
5492;Uso diário e praticidade
5492;Recomendação
5517;Desempenho e eficiência
5601;Qualidade
5671;Expectativa e descrição
5767;Expectativa e descrição
5787;Uso diário e praticidade
5787;Recomendação
5951;Qualidade
5957;Recomendação
6344;Expectativa e descrição
6354;Recomendação
6568;Expectativa e descrição
6656;Qualidade
6917;Qualidade
6960;Expectativa e descrição
6960;Entrega
6996;Qualidade
6996;Preço e valor
7014;Qualidade
7095;Desempenho e eficiência
7293;Qualidade
7314;Qualidade
7392;Expectativa e descrição
7442;Recomendação
7587;Desempenho e eficiência
7708;Desempenho e eficiência
7806;Qualidade
7869;Desempenho e eficiência
7928;Expectativa e descrição
7928;Entrega
8032;Desempenho e eficiência
8142;Qualidade
8293;Recomendação
8354;Desempenho e eficiência
8359;Uso diário e praticidade
8359;Recomendação
8434;Desempenho e eficiência
8517;Qualidade
8724;Qualidade
8777;Desempenho e eficiência
8841;Qualidade
8876;Desempenho e eficiência
8902;Recomendação
8991;Desempenho e eficiência
9209;Recomendação
9225;Expectativa e descrição
9225;Entrega
9249;Uso diário e praticidade
9249;Recomendação
9301;Uso diário e praticidade
9301;Recomendação
9334;Expectativa e descrição
9334;Entrega
9350;Qualidade
9350;Preço e valor
9375;Recomendação
9400;Expectativa e descrição
9400;Entrega
9635;Qualidade
9635;Preço e valor
9812;Qualidade
9812;Preço e valor
9840;Qualidade
9932;Qualidade
9932;Preço e valor
9944;Qualidade
9944;Preço e valor
156;Recomendação
161;Recomendação
215;Expectativa e descrição
534;Uso diário e praticidade
534;Recomendação
555;Uso diário e praticidade
555;Recomendação
637;Expectativa e descrição
735;Expectativa e descrição
816;Expectativa e descrição
816;Entrega
875;Recomendação
883;Desempenho e eficiência
1069;Recomendação
1211;Uso diário e praticidade
1211;Recomendação
1236;Qualidade
1248;Desempenho e eficiência
1299;Recomendação
1560;Qualidade
1669;Desempenho e eficiência
1711;Uso diário e praticidade
1711;Recomendação
1817;Desempenho e eficiência
1819;Recomendação
1926;Recomendação
1961;Recomendação
2046;Qualidade
2046;Preço e valor
2162;Desempenho e eficiência
2204;Expectativa e descrição
2204;Entrega
2285;Expectativa e descrição
2304;Qualidade
2326;Desempenho e eficiência
2379;Qualidade
2571;Qualidade
2876;Recomendação
2939;Qualidade
2939;Preço e valor
3302;Expectativa e descrição
3486;Desempenho e eficiência
3518;Qualidade
3518;Preço e valor
3565;Qualidade
3565;Preço e valor
3582;Qualidade
3618;Recomendação
3723;Recomendação
3748;Expectativa e descrição
3748;Entrega
4203;Qualidade
4327;Expectativa e descrição
4526;Recomendação
4781;Qualidade
4808;Recomendação
4893;Uso diário e praticidade
4893;Recomendação
4899;Recomendação
4942;Qualidade
4962;Desempenho e eficiência
4971;Uso diário e praticidade
4971;Recomendação
4996;Qualidade
5039;Qualidade
5276;Uso diário e praticidade
5276;Recomendação
5284;Qualidade
5363;Expectativa e descrição
5363;Entrega
5730;Uso diário e praticidade
5730;Recomendação
5821;Recomendação
6043;Qualidade
6270;Expectativa e descrição
6368;Expectativa e descrição
6368;Entrega
6768;Recomendação
6811;Uso diário e praticidade
6811;Recomendação
6859;Uso diário e praticidade
6859;Recomendação
7185;Uso diário e praticidade
7185;Recomendação
7337;Expectativa e descrição
7337;Entrega
7369;Recomendação
7616;Recomendação
7694;Expectativa e descrição
7766;Recomendação
7810;Desempenho e eficiência
7824;Uso diário e praticidade
7824;Recomendação
8078;Expectativa e descrição
8176;Expectativa e descrição
8176;Entrega
8380;Qualidade
8455;Qualidade
8500;Desempenho e eficiência
8713;Expectativa e descrição
8713;Entrega
8835;Desempenho e eficiência
8870;Uso diário e praticidade
8870;Recomendação
9059;Expectativa e descrição
9059;Entrega
9288;Desempenho e eficiência
9314;Expectativa e descrição
9450;Recomendação
9467;Recomendação
9644;Qualidade
9659;Expectativa e descrição
9695;Expectativa e descrição
9695;Entrega
9730;Qualidade
9827;Expectativa e descrição
9852;Recomendação
9910;Recomendação
9918;Qualidade
9953;Uso diário e praticidade
9953;Recomendação
9836;Facilidade de uso
1741;Desempenho e eficiência
1741;Facilidade de uso
3631;Expectativa e descrição
3631;Desempenho e eficiência
3996;Desempenho e eficiência
3996;Facilidade de uso
4003;Desempenho e eficiência
4782;Desempenho e eficiência
4782;Facilidade de uso
6050;Desempenho e eficiência
6050;Facilidade de uso
6155;Desempenho e eficiência
8736;Expectativa e descrição
486;Recomendação
2173;Expectativa e descrição
2173;Recomendação
2296;Expectativa e descrição
2296;Preço e valor
2718;Recomendação
4313;Desempenho e eficiência
4313;Recomendação
4469;Expectativa e descrição
4469;Recomendação
4683;Expectativa e descrição
4683;Recomendação
4785;Expectativa e descrição
5604;Recomendação
6366;Recomendação
7005;Expectativa e descrição
7005;Recomendação
7201;Expectativa e descrição
7201;Recomendação
7817;Qualidade
3128;Expectativa e descrição
3128;Entrega
3447;Expectativa e descrição
3447;Entrega
3985;Expectativa e descrição
3985;Entrega
6106;Expectativa e descrição
6106;Entrega
6423;Expectativa e descrição
6423;Entrega
6602;Expectativa e descrição
6602;Entrega
6718;Entrega
7852;Expectativa e descrição
7852;Entrega
7890;Entrega
8824;Facilidade de uso
1044;Qualidade
1044;Desempenho e eficiência
2201;Qualidade
2201;Desempenho e eficiência
3716;Qualidade
3716;Preço e valor
3716;Desempenho e eficiência
5288;Qualidade
5288;Desempenho e eficiência
5288;Recomendação
5796;Qualidade
5796;Desempenho e eficiência
7151;Qualidade
7151;Preço e valor
7151;Desempenho e eficiência
8556;Qualidade
8556;Desempenho e eficiência
9361;Design
181;Expectativa e descrição
1545;Expectativa e descrição
2058;Expectativa e descrição
2559;Expectativa e descrição
3555;Qualidade
3555;Expectativa e descrição
4444;Qualidade
4444;Expectativa e descrição
4653;Expectativa e descrição
8771;Qualidade
8771;Expectativa e descrição
945;Qualidade
945;Preço e valor
5404;Qualidade
5404;Preço e valor
6665;Preço e valor
8008;Qualidade
8008;Preço e valor
2182;Desempenho e eficiência
3531;Qualidade
3531;Recomendação
6027;Recomendação
6410;Qualidade
6410;Recomendação
7227;Qualidade
7227;Recomendação
8026;Expectativa e descrição
8026;Desempenho e eficiência
8531;Desempenho e eficiência
8546;Desempenho e eficiência
452;Desempenho e eficiência
3770;Desempenho e eficiência
5808;Qualidade
5808;Desempenho e eficiência
6585;Desempenho e eficiência
6709;Desempenho e eficiência
7038;Desempenho e eficiência
7271;Desempenho e eficiência
1518;Qualidade
1518;Design
117;Qualidade
117;Expectativa e descrição
2574;Qualidade
4926;Qualidade
5317;Qualidade
5652;Qualidade
5928;Qualidade
6809;Qualidade
7142;Qualidade
8153;Qualidade
9496;Qualidade
255;Desempenho e eficiência
255;Uso diário e praticidade
976;Uso diário e praticidade
2919;Desempenho e eficiência
2919;Uso diário e praticidade
2919;Recomendação
3717;Desempenho e eficiência
3717;Uso diário e praticidade
3878;Uso diário e praticidade
3878;Recomendação
5737;Desempenho e eficiência
5737;Uso diário e praticidade
5737;Recomendação
6140;Uso diário e praticidade
6384;Desempenho e eficiência
6384;Uso diário e praticidade
6632;Desempenho e eficiência
6632;Uso diário e praticidade
6632;Recomendação
7607;Uso diário e praticidade
9103;Uso diário e praticidade
9103;Recomendação
9951;Expectativa e descrição
9951;Recomendação
67;Expectativa e descrição
67;Entrega
472;Expectativa e descrição
472;Entrega
702;Expectativa e descrição
702;Desempenho e eficiência
702;Entrega
2695;Expectativa e descrição
2695;Entrega
3530;Expectativa e descrição
3530;Entrega
0;Qualidade
0;Desempenho e eficiência
10;Desempenho e eficiência
31;Recomendação
147;Desempenho e eficiência
202;Recomendação
347;Desempenho e eficiência
395;Qualidade
395;Preço e valor
716;Recomendação
739;Qualidade
767;Expectativa e descrição
879;Desempenho e eficiência
1228;Desempenho e eficiência
1256;Recomendação
1312;Recomendação
1427;Desempenho e eficiência
1470;Qualidade
1470;Preço e valor
1519;Expectativa e descrição
1581;Qualidade
1615;Desempenho e eficiência
1627;Desempenho e eficiência
1724;Uso diário e praticidade
1724;Recomendação
1757;Qualidade
1875;Uso diário e praticidade
1875;Recomendação
2064;Qualidade
2064;Preço e valor
2164;Qualidade
2228;Qualidade
2228;Preço e valor
2239;Recomendação
2252;Qualidade
2270;Qualidade
2577;Desempenho e eficiência
2582;Uso diário e praticidade
2582;Recomendação
2612;Recomendação
2893;Expectativa e descrição
2906;Expectativa e descrição
3099;Desempenho e eficiência
3319;Expectativa e descrição
3319;Entrega
3349;Desempenho e eficiência
3411;Qualidade
3608;Recomendação
3702;Desempenho e eficiência
3737;Desempenho e eficiência
4043;Desempenho e eficiência
4142;Recomendação
4249;Qualidade
4332;Desempenho e eficiência
4336;Desempenho e eficiência
4411;Expectativa e descrição
4454;Uso diário e praticidade
4454;Recomendação
4484;Qualidade
4484;Preço e valor
4618;Qualidade
4652;Desempenho e eficiência
4661;Desempenho e eficiência
4774;Qualidade
4849;Qualidade
5047;Desempenho e eficiência
5585;Qualidade
5667;Recomendação
5874;Qualidade
5941;Qualidade
5950;Qualidade
5999;Desempenho e eficiência
6023;Recomendação
6170;Uso diário e praticidade
6170;Recomendação
6252;Recomendação
6321;Expectativa e descrição
6323;Expectativa e descrição
6356;Uso diário e praticidade
6356;Recomendação
6439;Qualidade
6547;Qualidade
6610;Expectativa e descrição
6610;Entrega
6630;Desempenho e eficiência
6668;Expectativa e descrição
6668;Entrega
6696;Expectativa e descrição
6696;Entrega
6731;Desempenho e eficiência
6817;Desempenho e eficiência
6840;Desempenho e eficiência
7080;Qualidade
7080;Preço e valor
7177;Expectativa e descrição
7359;Uso diário e praticidade
7359;Recomendação
7388;Desempenho e eficiência
7574;Expectativa e descrição
7672;Expectativa e descrição
7672;Entrega
7707;Qualidade
7707;Preço e valor
7752;Qualidade
7752;Preço e valor
7951;Recomendação
7960;Recomendação
7973;Qualidade
7973;Preço e valor
8086;Recomendação
8370;Expectativa e descrição
8496;Expectativa e descrição
8497;Qualidade
8497;Preço e valor
8552;Uso diário e praticidade
8552;Recomendação
8563;Desempenho e eficiência
8575;Recomendação
8753;Expectativa e descrição
8800;Expectativa e descrição
8844;Desempenho e eficiência
9018;Desempenho e eficiência
9144;Expectativa e descrição
9144;Entrega
9182;Qualidade
9182;Preço e valor
9295;Desempenho e eficiência
9554;Recomendação
9634;Desempenho e eficiência
9640;Expectativa e descrição
9666;Uso diário e praticidade
9666;Recomendação
9671;Qualidade
9756;Uso diário e praticidade
9756;Recomendação
9761;Uso diário e praticidade
9761;Recomendação
9867;Recomendação
9887;Recomendação
9957;Expectativa e descrição
55;Desempenho e eficiência
298;Desempenho e eficiência
497;Qualidade
545;Recomendação
690;Desempenho e eficiência
793;Qualidade
826;Uso diário e praticidade
826;Recomendação
871;Desempenho e eficiência
1136;Recomendação
1161;Expectativa e descrição
1161;Entrega
1491;Qualidade
1697;Desempenho e eficiência
1736;Qualidade
1736;Preço e valor
1846;Desempenho e eficiência
1960;Qualidade
1999;Uso diário e praticidade
1999;Recomendação
2010;Qualidade
2010;Preço e valor
2336;Expectativa e descrição
2376;Qualidade
2377;Expectativa e descrição
2377;Entrega
2440;Qualidade
2440;Preço e valor
2568;Desempenho e eficiência
2631;Expectativa e descrição
2678;Qualidade
2742;Qualidade
2755;Qualidade
2755;Preço e valor
2825;Expectativa e descrição
2825;Entrega
2949;Qualidade
3301;Expectativa e descrição
3542;Qualidade
3551;Desempenho e eficiência
3791;Expectativa e descrição
3791;Entrega
3897;Qualidade
3919;Desempenho e eficiência
4117;Desempenho e eficiência
4130;Recomendação
4322;Qualidade
4384;Qualidade
4402;Qualidade
4402;Preço e valor
4443;Desempenho e eficiência
4572;Qualidade
4606;Desempenho e eficiência
4662;Recomendação
4775;Qualidade
4775;Preço e valor
4936;Expectativa e descrição
5029;Desempenho e eficiência
5089;Recomendação
5093;Qualidade
5093;Preço e valor
5136;Desempenho e eficiência
5283;Expectativa e descrição
5283;Entrega
5324;Expectativa e descrição
5324;Entrega
5485;Desempenho e eficiência
5791;Recomendação
5806;Uso diário e praticidade
5806;Recomendação
5958;Qualidade
5959;Qualidade
5959;Preço e valor
6015;Expectativa e descrição
6118;Recomendação
6182;Desempenho e eficiência
6213;Desempenho e eficiência
6260;Desempenho e eficiência
6274;Uso diário e praticidade
6274;Recomendação
6300;Qualidade
6381;Expectativa e descrição
6399;Expectativa e descrição
6424;Recomendação
6433;Desempenho e eficiência
6795;Qualidade
6795;Preço e valor
6896;Qualidade
6935;Recomendação
6986;Qualidade
7101;Desempenho e eficiência
7214;Qualidade
7264;Recomendação
7304;Desempenho e eficiência
7325;Qualidade
7328;Qualidade
7346;Qualidade
7346;Preço e valor
7393;Uso diário e praticidade
7393;Recomendação
7410;Qualidade
7629;Desempenho e eficiência
7680;Qualidade
7702;Qualidade
7876;Recomendação
7943;Recomendação
7963;Expectativa e descrição
7963;Entrega
8053;Desempenho e eficiência
8121;Recomendação
8222;Desempenho e eficiência
8601;Qualidade
8623;Uso diário e praticidade
8623;Recomendação
8707;Expectativa e descrição
8707;Entrega
8715;Recomendação
8750;Uso diário e praticidade
8750;Recomendação
8867;Qualidade
8867;Preço e valor
9069;Qualidade
9260;Qualidade
9260;Preço e valor
9483;Uso diário e praticidade
9483;Recomendação
9573;Expectativa e descrição
9623;Recomendação
9896;Qualidade
9898;Qualidade
9898;Preço e valor
9986;Expectativa e descrição
9986;Entrega
164;Recomendação
165;Qualidade
791;Qualidade
847;Expectativa e descrição
847;Entrega
881;Desempenho e eficiência
895;Qualidade
1067;Qualidade
1090;Qualidade
1281;Desempenho e eficiência
1286;Uso diário e praticidade
1286;Recomendação
1452;Desempenho e eficiência
1537;Desempenho e eficiência
1561;Recomendação
1596;Desempenho e eficiência
1707;Expectativa e descrição
1712;Expectativa e descrição
1892;Desempenho e eficiência
1915;Recomendação
1924;Desempenho e eficiência
2027;Recomendação
2474;Desempenho e eficiência
2543;Desempenho e eficiência
2773;Recomendação
2808;Recomendação
2826;Desempenho e eficiência
2904;Recomendação
2918;Recomendação
2954;Desempenho e eficiência
2983;Qualidade
2983;Preço e valor
3004;Expectativa e descrição
3038;Recomendação
3218;Recomendação
3322;Recomendação
3463;Recomendação
3479;Desempenho e eficiência
3576;Recomendação
3620;Uso diário e praticidade
3620;Recomendação
3885;Desempenho e eficiência
3916;Qualidade
4061;Uso diário e praticidade
4061;Recomendação
4075;Desempenho e eficiência
4102;Recomendação
4511;Uso diário e praticidade
4511;Recomendação
4645;Qualidade
4670;Uso diário e praticidade
4670;Recomendação
4796;Desempenho e eficiência
4868;Recomendação
5350;Desempenho e eficiência
5511;Recomendação
5537;Expectativa e descrição
5550;Desempenho e eficiência
5663;Expectativa e descrição
5777;Expectativa e descrição
5777;Entrega
5826;Qualidade
5887;Recomendação
6145;Expectativa e descrição
6145;Entrega
6196;Recomendação
6251;Desempenho e eficiência
6278;Recomendação
6389;Recomendação
6444;Expectativa e descrição
6455;Qualidade
6455;Preço e valor
6499;Recomendação
6517;Qualidade
6786;Recomendação
7164;Recomendação
7203;Qualidade
7270;Uso diário e praticidade
7270;Recomendação
7335;Desempenho e eficiência
7412;Expectativa e descrição
7412;Entrega
7447;Desempenho e eficiência
7486;Qualidade
7486;Preço e valor
7619;Qualidade
7619;Preço e valor
7704;Expectativa e descrição
8009;Recomendação
8012;Recomendação
8342;Desempenho e eficiência
8473;Qualidade
8473;Preço e valor
8509;Qualidade
8510;Expectativa e descrição
8712;Uso diário e praticidade
8712;Recomendação
8862;Desempenho e eficiência
9094;Expectativa e descrição
9165;Qualidade
9257;Recomendação
9674;Uso diário e praticidade
9674;Recomendação
9676;Desempenho e eficiência
9705;Recomendação
94;Qualidade
106;Desempenho e eficiência
129;Expectativa e descrição
129;Entrega
235;Qualidade
456;Expectativa e descrição
456;Entrega
546;Desempenho e eficiência
571;Uso diário e praticidade
571;Recomendação
614;Qualidade
614;Preço e valor
714;Qualidade
960;Desempenho e eficiência
1113;Qualidade
1173;Expectativa e descrição
1173;Entrega
1292;Qualidade
1292;Preço e valor
1294;Qualidade
1363;Desempenho e eficiência
1479;Recomendação
1580;Recomendação
1620;Desempenho e eficiência
1698;Qualidade
1732;Desempenho e eficiência
1753;Uso diário e praticidade
1753;Recomendação
1947;Uso diário e praticidade
1947;Recomendação
2056;Qualidade
2056;Preço e valor
2298;Desempenho e eficiência
2438;Qualidade
2672;Desempenho e eficiência
2868;Recomendação
2978;Desempenho e eficiência
3051;Desempenho e eficiência
3070;Desempenho e eficiência
3078;Qualidade
3193;Qualidade
3282;Expectativa e descrição
3282;Entrega
3413;Qualidade
3760;Recomendação
3891;Expectativa e descrição
4028;Desempenho e eficiência
4296;Expectativa e descrição
4296;Entrega
4311;Expectativa e descrição
4311;Entrega
4314;Uso diário e praticidade
4314;Recomendação
4578;Desempenho e eficiência
4672;Expectativa e descrição
4705;Desempenho e eficiência
4969;Uso diário e praticidade
4969;Recomendação
5051;Desempenho e eficiência
5166;Recomendação
5210;Recomendação
5239;Recomendação
5319;Recomendação
5637;Desempenho e eficiência
5961;Desempenho e eficiência
6026;Expectativa e descrição
6037;Desempenho e eficiência
6570;Expectativa e descrição
6570;Entrega
6666;Desempenho e eficiência
6816;Qualidade
6816;Preço e valor
6901;Qualidade
6903;Qualidade
6903;Preço e valor
6932;Qualidade
6932;Preço e valor
6943;Recomendação
7010;Expectativa e descrição
7010;Entrega
7011;Qualidade
7039;Qualidade
7262;Expectativa e descrição
7262;Entrega
7300;Expectativa e descrição
7300;Entrega
7342;Expectativa e descrição
7372;Desempenho e eficiência
7430;Expectativa e descrição
7430;Entrega
7439;Recomendação
7450;Qualidade
7450;Preço e valor
7609;Qualidade
7670;Qualidade
7774;Expectativa e descrição
7774;Entrega
7953;Expectativa e descrição
8122;Recomendação
8377;Recomendação
8578;Recomendação
8799;Expectativa e descrição
8838;Qualidade
8838;Preço e valor
8984;Recomendação
9042;Recomendação
9051;Recomendação
9200;Expectativa e descrição
9200;Entrega
9452;Expectativa e descrição
9452;Entrega
9500;Expectativa e descrição
9597;Desempenho e eficiência
9673;Expectativa e descrição
9673;Entrega
9690;Qualidade
9690;Preço e valor
30;Uso diário e praticidade
30;Recomendação
115;Uso diário e praticidade
115;Recomendação
185;Qualidade
331;Qualidade
331;Preço e valor
410;Expectativa e descrição
410;Entrega
506;Desempenho e eficiência
610;Recomendação
653;Qualidade
653;Preço e valor
866;Desempenho e eficiência
940;Qualidade
1131;Expectativa e descrição
1153;Uso diário e praticidade
1153;Recomendação
1275;Expectativa e descrição
1275;Entrega
1339;Expectativa e descrição
1459;Qualidade
1459;Preço e valor
1614;Qualidade
1701;Uso diário e praticidade
1701;Recomendação
1722;Qualidade
1794;Desempenho e eficiência
1897;Recomendação
1939;Desempenho e eficiência
1957;Qualidade
1957;Preço e valor
2014;Qualidade
2014;Preço e valor
2187;Qualidade
2279;Desempenho e eficiência
2467;Recomendação
2472;Qualidade
2475;Recomendação
2699;Recomendação
2738;Desempenho e eficiência
2882;Recomendação
2950;Desempenho e eficiência
3131;Qualidade
3203;Expectativa e descrição
3203;Entrega
3359;Qualidade
3424;Expectativa e descrição
3424;Entrega
3645;Recomendação
3657;Recomendação
3958;Recomendação
4062;Expectativa e descrição
4062;Entrega
4077;Qualidade
4184;Qualidade
4214;Qualidade
4248;Recomendação
4353;Qualidade
4476;Recomendação
4656;Expectativa e descrição
4704;Desempenho e eficiência
5007;Recomendação
5090;Uso diário e praticidade
5090;Recomendação
5152;Qualidade
5152;Preço e valor
5161;Recomendação
5206;Uso diário e praticidade
5206;Recomendação
5209;Uso diário e praticidade
5209;Recomendação
5337;Expectativa e descrição
5337;Entrega
5346;Expectativa e descrição
5385;Qualidade
5495;Qualidade
5495;Preço e valor
5536;Qualidade
5536;Preço e valor
5605;Qualidade
5867;Expectativa e descrição
5936;Expectativa e descrição
5938;Desempenho e eficiência
5970;Recomendação
6036;Desempenho e eficiência
6064;Uso diário e praticidade
6064;Recomendação
6094;Recomendação
6123;Qualidade
6123;Preço e valor
6134;Desempenho e eficiência
6226;Qualidade
6416;Qualidade
6466;Desempenho e eficiência
6538;Desempenho e eficiência
6616;Qualidade
6683;Uso diário e praticidade
6683;Recomendação
6764;Uso diário e praticidade
6764;Recomendação
6873;Recomendação
6884;Expectativa e descrição
6884;Entrega
7254;Expectativa e descrição
7254;Entrega
7548;Desempenho e eficiência
7576;Recomendação
7685;Qualidade
7685;Preço e valor
7854;Recomendação
7950;Uso diário e praticidade
7950;Recomendação
8071;Qualidade
8258;Recomendação
8297;Expectativa e descrição
8297;Entrega
8350;Expectativa e descrição
8446;Qualidade
8581;Recomendação
8603;Qualidade
8603;Preço e valor
8633;Qualidade
8633;Preço e valor
8637;Expectativa e descrição
8663;Expectativa e descrição
8825;Qualidade
8892;Recomendação
9364;Expectativa e descrição
9364;Entrega
9522;Qualidade
9522;Preço e valor
9548;Expectativa e descrição
9548;Entrega
9628;Desempenho e eficiência
9689;Qualidade
9692;Expectativa e descrição
9692;Entrega
9714;Uso diário e praticidade
9714;Recomendação
9884;Recomendação
9973;Qualidade
9973;Preço e valor
249;Uso diário e praticidade
249;Recomendação
258;Desempenho e eficiência
292;Qualidade
356;Qualidade
375;Desempenho e eficiência
569;Expectativa e descrição
569;Entrega
581;Desempenho e eficiência
599;Expectativa e descrição
660;Desempenho e eficiência
732;Recomendação
1117;Expectativa e descrição
1200;Expectativa e descrição
1200;Entrega
1218;Qualidade
1222;Desempenho e eficiência
1241;Recomendação
1280;Qualidade
1517;Desempenho e eficiência
1555;Qualidade
1610;Desempenho e eficiência
1688;Desempenho e eficiência
1734;Recomendação
1739;Recomendação
1810;Desempenho e eficiência
1945;Qualidade
2011;Recomendação
2169;Qualidade
2169;Preço e valor
2175;Qualidade
2175;Preço e valor
2251;Qualidade
2637;Qualidade
2807;Qualidade
2807;Preço e valor
2948;Expectativa e descrição
2976;Recomendação
3133;Uso diário e praticidade
3133;Recomendação
3221;Qualidade
3366;Desempenho e eficiência
3461;Recomendação
3537;Expectativa e descrição
3766;Recomendação
3871;Qualidade
3955;Expectativa e descrição
3955;Entrega
4068;Qualidade
4068;Preço e valor
4097;Desempenho e eficiência
4344;Uso diário e praticidade
4344;Recomendação
4431;Expectativa e descrição
4431;Entrega
4610;Recomendação
4613;Recomendação
4783;Desempenho e eficiência
4801;Qualidade
4891;Expectativa e descrição
4891;Entrega
5021;Recomendação
5043;Qualidade
5043;Preço e valor
5124;Qualidade
5124;Preço e valor
5697;Uso diário e praticidade
5697;Recomendação
5814;Expectativa e descrição
5939;Recomendação
5944;Recomendação
5991;Desempenho e eficiência
6040;Expectativa e descrição
6088;Recomendação
6204;Recomendação
6355;Desempenho e eficiência
6411;Recomendação
6593;Uso diário e praticidade
6593;Recomendação
6622;Recomendação
6700;Qualidade
6812;Recomendação
6845;Desempenho e eficiência
6863;Uso diário e praticidade
6863;Recomendação
6945;Recomendação
6977;Desempenho e eficiência
6994;Desempenho e eficiência
7147;Desempenho e eficiência
7280;Recomendação
7368;Recomendação
7418;Recomendação
7524;Qualidade
7593;Recomendação
7696;Desempenho e eficiência
7831;Qualidade
7873;Expectativa e descrição
7874;Qualidade
7955;Desempenho e eficiência
8074;Desempenho e eficiência
8299;Qualidade
9252;Qualidade
9252;Preço e valor
9410;Expectativa e descrição
9660;Qualidade
9660;Preço e valor
9766;Expectativa e descrição
9771;Expectativa e descrição
9771;Entrega
9841;Qualidade
9854;Qualidade
9929;Recomendação
58;Recomendação
143;Uso diário e praticidade
143;Recomendação
176;Qualidade
176;Preço e valor
376;Desempenho e eficiência
461;Qualidade
514;Desempenho e eficiência
652;Expectativa e descrição
683;Expectativa e descrição
683;Entrega
751;Expectativa e descrição
835;Desempenho e eficiência
933;Desempenho e eficiência
1009;Recomendação
1342;Desempenho e eficiência
1361;Qualidade
1361;Preço e valor
1373;Desempenho e eficiência
1460;Expectativa e descrição
1460;Entrega
1510;Qualidade
1510;Preço e valor
1592;Qualidade
1599;Expectativa e descrição
1631;Uso diário e praticidade
1631;Recomendação
1740;Qualidade
1740;Preço e valor
1843;Qualidade
1965;Expectativa e descrição
1965;Entrega
1969;Expectativa e descrição
1969;Entrega
2070;Recomendação
2184;Qualidade
2184;Preço e valor
2243;Desempenho e eficiência
2491;Qualidade
2508;Desempenho e eficiência
2715;Qualidade
2754;Uso diário e praticidade
2754;Recomendação
2898;Uso diário e praticidade
2898;Recomendação
2935;Recomendação
2955;Uso diário e praticidade
2955;Recomendação
3033;Qualidade
3040;Desempenho e eficiência
3057;Desempenho e eficiência
3205;Qualidade
3444;Uso diário e praticidade
3444;Recomendação
3558;Desempenho e eficiência
3567;Uso diário e praticidade
3567;Recomendação
3598;Uso diário e praticidade
3598;Recomendação
3690;Expectativa e descrição
3956;Recomendação
4055;Desempenho e eficiência
4389;Expectativa e descrição
4389;Entrega
4422;Desempenho e eficiência
4435;Qualidade
4498;Expectativa e descrição
4541;Desempenho e eficiência
4576;Expectativa e descrição
4719;Uso diário e praticidade
4719;Recomendação
4732;Recomendação
4898;Uso diário e praticidade
4898;Recomendação
4911;Qualidade
4920;Recomendação
4973;Qualidade
4973;Preço e valor
5050;Qualidade
5050;Preço e valor
5186;Desempenho e eficiência
5189;Recomendação
5340;Expectativa e descrição
5340;Entrega
5421;Expectativa e descrição
5421;Entrega
5476;Qualidade
5561;Recomendação
5783;Qualidade
5866;Recomendação
5945;Qualidade
6053;Recomendação
6101;Desempenho e eficiência
6187;Expectativa e descrição
6187;Entrega
6203;Qualidade
6277;Qualidade
6426;Qualidade
6589;Qualidade
6682;Recomendação
7008;Expectativa e descrição
7019;Expectativa e descrição
7019;Entrega
7057;Desempenho e eficiência
7119;Uso diário e praticidade
7119;Recomendação
7120;Desempenho e eficiência
7155;Desempenho e eficiência
7229;Qualidade
7461;Desempenho e eficiência
7481;Recomendação
7784;Desempenho e eficiência
7967;Expectativa e descrição
8298;Qualidade
8468;Recomendação
8648;Qualidade
8673;Expectativa e descrição
8926;Desempenho e eficiência
8992;Expectativa e descrição
9110;Qualidade
9210;Recomendação
9278;Recomendação
9293;Uso diário e praticidade
9293;Recomendação
9497;Expectativa e descrição
9556;Recomendação
9616;Qualidade
9743;Desempenho e eficiência
9860;Recomendação
9897;Recomendação
9902;Desempenho e eficiência
9926;Uso diário e praticidade
9926;Recomendação
9964;Qualidade
77;Desempenho e eficiência
247;Desempenho e eficiência
326;Recomendação
435;Desempenho e eficiência
474;Qualidade
488;Qualidade
524;Recomendação
547;Recomendação
563;Qualidade
563;Preço e valor
785;Recomendação
813;Qualidade
893;Qualidade
893;Preço e valor
1337;Expectativa e descrição
1406;Qualidade
1619;Recomendação
1710;Desempenho e eficiência
1768;Expectativa e descrição
1768;Entrega
1845;Uso diário e praticidade
1845;Recomendação
1884;Qualidade
1994;Expectativa e descrição
2038;Expectativa e descrição
2049;Recomendação
2094;Expectativa e descrição
2094;Entrega
2146;Uso diário e praticidade
2146;Recomendação
2303;Qualidade
2303;Preço e valor
2395;Recomendação
2521;Expectativa e descrição
2529;Qualidade
2750;Desempenho e eficiência
3170;Qualidade
3200;Desempenho e eficiência
3752;Qualidade
3762;Desempenho e eficiência
3776;Recomendação
3853;Qualidade
3877;Desempenho e eficiência
3899;Uso diário e praticidade
3899;Recomendação
4018;Desempenho e eficiência
4121;Expectativa e descrição
4121;Entrega
4140;Uso diário e praticidade
4140;Recomendação
4367;Recomendação
4947;Qualidade
5045;Desempenho e eficiência
5086;Expectativa e descrição
5086;Entrega
5163;Recomendação
5234;Desempenho e eficiência
5245;Recomendação
5257;Desempenho e eficiência
5328;Expectativa e descrição
5335;Recomendação
5396;Recomendação
5482;Desempenho e eficiência
5566;Desempenho e eficiência
6635;Qualidade
6648;Recomendação
6726;Uso diário e praticidade
6726;Recomendação
6747;Recomendação
6759;Recomendação
6790;Desempenho e eficiência
6818;Recomendação
6842;Desempenho e eficiência
6895;Recomendação
6905;Recomendação
7090;Uso diário e praticidade
7090;Recomendação
7112;Recomendação
7115;Recomendação
7148;Desempenho e eficiência
7166;Recomendação
7275;Qualidade
7310;Qualidade
7503;Recomendação
7691;Recomendação
7836;Desempenho e eficiência
7938;Desempenho e eficiência
8007;Desempenho e eficiência
8091;Desempenho e eficiência
8158;Qualidade
8440;Recomendação
8644;Qualidade
8644;Preço e valor
8849;Uso diário e praticidade
8849;Recomendação
8895;Qualidade
8895;Preço e valor
8910;Qualidade
8910;Preço e valor
9003;Desempenho e eficiência
9038;Desempenho e eficiência
9075;Expectativa e descrição
9075;Entrega
9150;Expectativa e descrição
9150;Entrega
9203;Qualidade
9220;Uso diário e praticidade
9220;Recomendação
9256;Expectativa e descrição
9256;Entrega
9265;Expectativa e descrição
9339;Qualidade
9351;Uso diário e praticidade
9351;Recomendação
9513;Desempenho e eficiência
9576;Recomendação
9587;Recomendação
9638;Recomendação
9662;Recomendação
9693;Desempenho e eficiência
9733;Uso diário e praticidade
9733;Recomendação
9810;Qualidade
36;Qualidade
38;Desempenho e eficiência
56;Qualidade
56;Desempenho e eficiência
113;Expectativa e descrição
113;Entrega
187;Recomendação
219;Qualidade
219;Preço e valor
350;Qualidade
350;Preço e valor
471;Expectativa e descrição
471;Entrega
639;Expectativa e descrição
669;Qualidade
679;Qualidade
780;Recomendação
818;Uso diário e praticidade
818;Recomendação
972;Expectativa e descrição
972;Entrega
1094;Desempenho e eficiência
1133;Expectativa e descrição
1240;Qualidade
1240;Preço e valor
1279;Qualidade
1424;Desempenho e eficiência
1556;Recomendação
1666;Desempenho e eficiência
1670;Qualidade
1672;Recomendação
1699;Recomendação
1745;Expectativa e descrição
1745;Entrega
1774;Desempenho e eficiência
1781;Uso diário e praticidade
1781;Recomendação
2050;Qualidade
2103;Qualidade
2145;Qualidade
2155;Uso diário e praticidade
2155;Recomendação
2167;Qualidade
2167;Preço e valor
2231;Recomendação
2250;Expectativa e descrição
2250;Entrega
2291;Expectativa e descrição
2394;Qualidade
2394;Preço e valor
2406;Qualidade
2406;Preço e valor
2418;Recomendação
2558;Desempenho e eficiência
2917;Qualidade
3000;Expectativa e descrição
3000;Entrega
3129;Qualidade
3633;Uso diário e praticidade
3633;Recomendação
3736;Expectativa e descrição
3775;Recomendação
3785;Qualidade
3887;Uso diário e praticidade
3887;Recomendação
3906;Uso diário e praticidade
3906;Recomendação
4414;Recomendação
4508;Recomendação
4646;Uso diário e praticidade
4646;Recomendação
4806;Qualidade
4817;Qualidade
4881;Qualidade
4909;Qualidade
5000;Qualidade
5000;Preço e valor
5138;Expectativa e descrição
5185;Qualidade
5227;Recomendação
5241;Expectativa e descrição
5241;Entrega
5504;Desempenho e eficiência
5567;Desempenho e eficiência
5589;Expectativa e descrição
5754;Expectativa e descrição
5754;Entrega
5857;Desempenho e eficiência
5915;Expectativa e descrição
6129;Expectativa e descrição
6309;Desempenho e eficiência
6391;Qualidade
6588;Recomendação
6729;Expectativa e descrição
6802;Uso diário e praticidade
6802;Recomendação
6848;Recomendação
7007;Recomendação
7044;Expectativa e descrição
7181;Qualidade
7299;Qualidade
7375;Expectativa e descrição
7375;Entrega
7507;Desempenho e eficiência
7679;Desempenho e eficiência
7855;Desempenho e eficiência
7887;Expectativa e descrição
7887;Entrega
7910;Recomendação
8015;Desempenho e eficiência
8093;Desempenho e eficiência
8201;Recomendação
8271;Recomendação
8387;Qualidade
8387;Preço e valor
8604;Expectativa e descrição
8929;Recomendação
8995;Qualidade
9055;Qualidade
9055;Preço e valor
9231;Expectativa e descrição
9359;Qualidade
9409;Qualidade
9409;Preço e valor
9417;Qualidade
9417;Preço e valor
9439;Qualidade
9455;Desempenho e eficiência
9498;Qualidade
9498;Preço e valor
9789;Recomendação
9794;Qualidade
9805;Qualidade
9805;Preço e valor
9921;Expectativa e descrição
9921;Entrega
9936;Desempenho e eficiência
9961;Qualidade
57;Expectativa e descrição
57;Entrega
96;Desempenho e eficiência
336;Expectativa e descrição
336;Entrega
595;Recomendação
663;Expectativa e descrição
696;Recomendação
759;Qualidade
776;Desempenho e eficiência
856;Desempenho e eficiência
953;Recomendação
991;Expectativa e descrição
991;Entrega
1141;Qualidade
1214;Desempenho e eficiência
1225;Expectativa e descrição
1296;Expectativa e descrição
1296;Entrega
1313;Expectativa e descrição
1341;Desempenho e eficiência
1418;Desempenho e eficiência
1485;Qualidade
1747;Qualidade
1747;Preço e valor
1786;Qualidade
1848;Recomendação
1914;Qualidade
1972;Qualidade
2022;Expectativa e descrição
2022;Entrega
2396;Qualidade
2500;Expectativa e descrição
2500;Entrega
2536;Qualidade
2565;Desempenho e eficiência
2702;Recomendação
2723;Qualidade
2769;Expectativa e descrição
2769;Entrega
2880;Expectativa e descrição
2880;Entrega
3020;Expectativa e descrição
3049;Recomendação
3275;Qualidade
3277;Uso diário e praticidade
3277;Recomendação
3320;Uso diário e praticidade
3320;Recomendação
3429;Recomendação
3795;Qualidade
3851;Recomendação
3988;Qualidade
3988;Preço e valor
4109;Recomendação
4118;Desempenho e eficiência
4155;Expectativa e descrição
4155;Entrega
4293;Qualidade
4455;Recomendação
4477;Qualidade
4569;Expectativa e descrição
4569;Entrega
4605;Qualidade
4605;Preço e valor
4611;Qualidade
4697;Expectativa e descrição
4697;Entrega
4863;Qualidade
4944;Expectativa e descrição
5044;Expectativa e descrição
5044;Entrega
5224;Expectativa e descrição
5224;Entrega
5237;Expectativa e descrição
5265;Recomendação
5321;Recomendação
5344;Uso diário e praticidade
5344;Recomendação
5403;Desempenho e eficiência
5407;Qualidade
5498;Recomendação
5509;Qualidade
5688;Qualidade
5849;Expectativa e descrição
5877;Qualidade
5947;Qualidade
5963;Expectativa e descrição
5963;Entrega
5968;Expectativa e descrição
5968;Entrega
6121;Desempenho e eficiência
6222;Qualidade
6257;Qualidade
6268;Recomendação
6436;Desempenho e eficiência
6514;Uso diário e praticidade
6514;Recomendação
6520;Qualidade
6575;Qualidade
6575;Preço e valor
6637;Desempenho e eficiência
6653;Expectativa e descrição
6750;Desempenho e eficiência
7020;Qualidade
7020;Preço e valor
7194;Recomendação
7316;Uso diário e praticidade
7316;Recomendação
7344;Uso diário e praticidade
7344;Recomendação
7362;Recomendação
7457;Uso diário e praticidade
7457;Recomendação
7868;Recomendação
7979;Desempenho e eficiência
8005;Recomendação
8150;Recomendação
8166;Qualidade
8167;Expectativa e descrição
8167;Entrega
8217;Recomendação
8403;Uso diário e praticidade
8403;Recomendação
8460;Qualidade
8483;Recomendação
8593;Expectativa e descrição
8596;Uso diário e praticidade
8596;Recomendação
8670;Recomendação
8688;Recomendação
8833;Desempenho e eficiência
8863;Qualidade
8883;Desempenho e eficiência
8951;Recomendação
8965;Qualidade
9004;Recomendação
9476;Desempenho e eficiência
9582;Expectativa e descrição
9582;Entrega
9606;Desempenho e eficiência
9627;Qualidade
9879;Uso diário e praticidade
9879;Recomendação
9967;Desempenho e eficiência
92;Desempenho e eficiência
300;Recomendação
306;Recomendação
366;Expectativa e descrição
366;Entrega
383;Qualidade
451;Expectativa e descrição
451;Entrega
453;Qualidade
498;Recomendação
499;Recomendação
582;Recomendação
623;Qualidade
623;Preço e valor
644;Desempenho e eficiência
787;Qualidade
787;Preço e valor
817;Expectativa e descrição
817;Entrega
854;Recomendação
901;Recomendação
931;Qualidade
1053;Recomendação
1076;Desempenho e eficiência
1178;Uso diário e praticidade
1178;Recomendação
1329;Expectativa e descrição
1372;Qualidade
1377;Expectativa e descrição
1430;Qualidade
1494;Qualidade
1494;Preço e valor
1539;Uso diário e praticidade
1539;Recomendação
1547;Desempenho e eficiência
1809;Uso diário e praticidade
1809;Recomendação
1879;Desempenho e eficiência
2132;Desempenho e eficiência
2219;Expectativa e descrição
2219;Entrega
2272;Recomendação
2407;Desempenho e eficiência
2552;Expectativa e descrição
2567;Recomendação
2603;Expectativa e descrição
2603;Entrega
2665;Expectativa e descrição
2665;Entrega
2736;Expectativa e descrição
2986;Qualidade
3104;Qualidade
3127;Uso diário e praticidade
3127;Recomendação
3255;Desempenho e eficiência
3456;Desempenho e eficiência
3540;Desempenho e eficiência
3586;Recomendação
3704;Recomendação
3724;Recomendação
3888;Expectativa e descrição
4160;Qualidade
4483;Qualidade
4551;Desempenho e eficiência
4677;Qualidade
4720;Expectativa e descrição
4720;Entrega
4729;Recomendação
4925;Expectativa e descrição
4925;Entrega
5187;Recomendação
5208;Qualidade
5354;Qualidade
5426;Expectativa e descrição
5426;Entrega
5610;Desempenho e eficiência
5713;Uso diário e praticidade
5713;Recomendação
5736;Desempenho e eficiência
5863;Desempenho e eficiência
6090;Recomendação
6216;Qualidade
6233;Uso diário e praticidade
6233;Recomendação
6281;Expectativa e descrição
6281;Entrega
6327;Desempenho e eficiência
6373;Recomendação
6463;Desempenho e eficiência
6743;Recomendação
6771;Qualidade
6771;Preço e valor
6828;Expectativa e descrição
6864;Desempenho e eficiência
6939;Expectativa e descrição
6992;Qualidade
7117;Expectativa e descrição
7117;Entrega
7200;Qualidade
7338;Qualidade
7338;Preço e valor
7348;Desempenho e eficiência
7395;Uso diário e praticidade
7395;Recomendação
7427;Recomendação
7446;Desempenho e eficiência
7959;Recomendação
8162;Desempenho e eficiência
8180;Uso diário e praticidade
8180;Recomendação
8181;Expectativa e descrição
8199;Uso diário e praticidade
8199;Recomendação
8283;Expectativa e descrição
8283;Entrega
8309;Desempenho e eficiência
8310;Qualidade
8432;Expectativa e descrição
8708;Uso diário e praticidade
8708;Recomendação
8725;Recomendação
8791;Recomendação
9067;Desempenho e eficiência
9129;Qualidade
9129;Preço e valor
9195;Desempenho e eficiência
9303;Recomendação
9308;Qualidade
9319;Expectativa e descrição
9319;Entrega
9523;Qualidade
9633;Uso diário e praticidade
9633;Recomendação
9979;Desempenho e eficiência
171;Desempenho e eficiência
320;Recomendação
442;Recomendação
626;Recomendação
766;Desempenho e eficiência
858;Recomendação
1085;Recomendação
1098;Desempenho e eficiência
1544;Uso diário e praticidade
1544;Recomendação
1554;Desempenho e eficiência
1730;Desempenho e eficiência
1949;Recomendação
1953;Desempenho e eficiência
2075;Qualidade
2138;Expectativa e descrição
2138;Entrega
2281;Uso diário e praticidade
2281;Recomendação
2448;Expectativa e descrição
2501;Qualidade
2516;Qualidade
2524;Qualidade
2524;Preço e valor
2741;Expectativa e descrição
2741;Entrega
2797;Uso diário e praticidade
2797;Recomendação
2853;Recomendação
2862;Expectativa e descrição
2987;Recomendação
3054;Desempenho e eficiência
3216;Expectativa e descrição
3216;Entrega
3492;Uso diário e praticidade
3492;Recomendação
3539;Expectativa e descrição
3539;Entrega
3566;Expectativa e descrição
3634;Desempenho e eficiência
3636;Uso diário e praticidade
3636;Recomendação
3764;Expectativa e descrição
3838;Desempenho e eficiência
3862;Recomendação
3928;Qualidade
3928;Preço e valor
4002;Qualidade
4002;Preço e valor
4039;Uso diário e praticidade
4039;Recomendação
4168;Expectativa e descrição
4183;Expectativa e descrição
4263;Recomendação
4341;Recomendação
4453;Qualidade
4453;Preço e valor
4538;Expectativa e descrição
4538;Entrega
4795;Desempenho e eficiência
5079;Desempenho e eficiência
5252;Expectativa e descrição
5512;Desempenho e eficiência
5518;Desempenho e eficiência
6025;Desempenho e eficiência
6089;Expectativa e descrição
6089;Entrega
6113;Qualidade
6189;Desempenho e eficiência
6194;Qualidade
6473;Expectativa e descrição
6473;Entrega
6486;Desempenho e eficiência
6596;Qualidade
6623;Expectativa e descrição
6687;Qualidade
6694;Expectativa e descrição
6739;Desempenho e eficiência
6788;Uso diário e praticidade
6788;Recomendação
6823;Qualidade
7074;Recomendação
7114;Recomendação
7128;Qualidade
7128;Preço e valor
7614;Desempenho e eficiência
7981;Qualidade
7986;Qualidade
8085;Uso diário e praticidade
8085;Recomendação
8089;Recomendação
8114;Recomendação
8346;Recomendação
8506;Uso diário e praticidade
8506;Recomendação
8511;Qualidade
8511;Preço e valor
8597;Recomendação
8607;Qualidade
8607;Preço e valor
8656;Recomendação
8705;Recomendação
8761;Recomendação
9221;Expectativa e descrição
9221;Entrega
9280;Recomendação
9373;Uso diário e praticidade
9373;Recomendação
9449;Qualidade
9449;Preço e valor
9532;Qualidade
9575;Recomendação
9776;Desempenho e eficiência
9809;Expectativa e descrição
9809;Entrega
103;Uso diário e praticidade
103;Recomendação
155;Uso diário e praticidade
155;Recomendação
177;Desempenho e eficiência
264;Uso diário e praticidade
264;Recomendação
275;Qualidade
275;Preço e valor
385;Expectativa e descrição
500;Desempenho e eficiência
527;Recomendação
799;Expectativa e descrição
808;Desempenho e eficiência
900;Expectativa e descrição
1132;Expectativa e descrição
1132;Entrega
1163;Uso diário e praticidade
1163;Recomendação
1181;Qualidade
1227;Desempenho e eficiência
1303;Recomendação
1371;Recomendação
1429;Recomendação
1476;Recomendação
1516;Qualidade
1694;Recomendação
1814;Expectativa e descrição
1831;Recomendação
1850;Desempenho e eficiência
1905;Qualidade
2071;Expectativa e descrição
2071;Entrega
2077;Qualidade
2123;Expectativa e descrição
2123;Entrega
2147;Qualidade
2149;Recomendação
2257;Recomendação
2258;Desempenho e eficiência
2294;Recomendação
2388;Uso diário e praticidade
2388;Recomendação
2454;Uso diário e praticidade
2454;Recomendação
2573;Qualidade
2573;Preço e valor
2616;Qualidade
2616;Preço e valor
3392;Desempenho e eficiência
3445;Uso diário e praticidade
3445;Recomendação
3448;Recomendação
3720;Desempenho e eficiência
3994;Expectativa e descrição
3994;Entrega
4095;Desempenho e eficiência
4101;Qualidade
4197;Qualidade
4262;Qualidade
4262;Preço e valor
4282;Recomendação
4345;Recomendação
4381;Uso diário e praticidade
4381;Recomendação
4426;Desempenho e eficiência
4521;Expectativa e descrição
4604;Qualidade
4778;Desempenho e eficiência
4820;Recomendação
4923;Desempenho e eficiência
5255;Desempenho e eficiência
5263;Recomendação
5272;Qualidade
5574;Expectativa e descrição
5574;Entrega
5809;Expectativa e descrição
5809;Entrega
5848;Recomendação
5869;Qualidade
5975;Recomendação
6112;Qualidade
6112;Preço e valor
6137;Recomendação
6151;Recomendação
6178;Desempenho e eficiência
6237;Qualidade
6360;Uso diário e praticidade
6360;Recomendação
6470;Qualidade
6525;Uso diário e praticidade
6525;Recomendação
6552;Uso diário e praticidade
6552;Recomendação
6555;Recomendação
6701;Qualidade
6713;Uso diário e praticidade
6713;Recomendação
6964;Desempenho e eficiência
7029;Qualidade
7029;Preço e valor
7245;Uso diário e praticidade
7245;Recomendação
7345;Expectativa e descrição
7345;Entrega
7637;Qualidade
7637;Preço e valor
7639;Desempenho e eficiência
8006;Expectativa e descrição
8006;Entrega
8069;Qualidade
8143;Qualidade
8143;Preço e valor
8247;Desempenho e eficiência
8252;Desempenho e eficiência
8381;Qualidade
8504;Qualidade
8504;Preço e valor
8580;Desempenho e eficiência
8587;Expectativa e descrição
8587;Entrega
8658;Expectativa e descrição
8676;Qualidade
8676;Preço e valor
8732;Expectativa e descrição
8850;Qualidade
8850;Preço e valor
9016;Qualidade
9023;Uso diário e praticidade
9023;Recomendação
9030;Desempenho e eficiência
9031;Qualidade
9125;Desempenho e eficiência
9179;Qualidade
9363;Expectativa e descrição
9651;Qualidade
9900;Qualidade
9900;Preço e valor
9984;Desempenho e eficiência
68;Qualidade
229;Desempenho e eficiência
550;Recomendação
615;Recomendação
902;Uso diário e praticidade
902;Recomendação
1055;Recomendação
1123;Desempenho e eficiência
1249;Uso diário e praticidade
1249;Recomendação
1321;Qualidade
1389;Expectativa e descrição
1389;Entrega
1464;Desempenho e eficiência
1495;Qualidade
1495;Preço e valor
1607;Recomendação
1839;Desempenho e eficiência
1851;Desempenho e eficiência
1857;Desempenho e eficiência
1933;Qualidade
1933;Preço e valor
2292;Uso diário e praticidade
2292;Recomendação
2306;Recomendação
2425;Recomendação
2482;Recomendação
2496;Recomendação
2544;Recomendação
2709;Recomendação
2852;Qualidade
2896;Expectativa e descrição
2933;Expectativa e descrição
2933;Entrega
3107;Qualidade
3183;Desempenho e eficiência
3217;Desempenho e eficiência
3295;Expectativa e descrição
3295;Entrega
3299;Desempenho e eficiência
3433;Expectativa e descrição
3433;Entrega
3449;Expectativa e descrição
3699;Expectativa e descrição
3699;Entrega
3731;Desempenho e eficiência
3741;Qualidade
3741;Preço e valor
4074;Qualidade
4235;Recomendação
4326;Qualidade
4362;Recomendação
4430;Recomendação
4905;Expectativa e descrição
4905;Entrega
4998;Desempenho e eficiência
5110;Qualidade
5110;Preço e valor
5113;Expectativa e descrição
5215;Qualidade
5333;Desempenho e eficiência
5473;Uso diário e praticidade
5473;Recomendação
5541;Qualidade
5544;Desempenho e eficiência
5853;Uso diário e praticidade
5853;Recomendação
5881;Expectativa e descrição
5913;Recomendação
6324;Recomendação
6428;Expectativa e descrição
6428;Entrega
6480;Recomendação
6658;Qualidade
6675;Uso diário e praticidade
6675;Recomendação
6797;Qualidade
7036;Uso diário e praticidade
7036;Recomendação
7085;Expectativa e descrição
7085;Entrega
7134;Desempenho e eficiência
7285;Qualidade
7285;Preço e valor
7512;Qualidade
7528;Qualidade
7643;Uso diário e praticidade
7643;Recomendação
7682;Desempenho e eficiência
7687;Qualidade
7725;Recomendação
7763;Qualidade
7765;Uso diário e praticidade
7765;Recomendação
7843;Desempenho e eficiência
8038;Qualidade
8128;Expectativa e descrição
8128;Entrega
8277;Qualidade
8277;Preço e valor
8351;Recomendação
8477;Uso diário e praticidade
8477;Recomendação
8641;Expectativa e descrição
8683;Qualidade
8695;Desempenho e eficiência
8739;Recomendação
8764;Recomendação
8767;Desempenho e eficiência
8880;Qualidade
8912;Qualidade
8935;Desempenho e eficiência
8963;Uso diário e praticidade
8963;Recomendação
8974;Recomendação
9142;Qualidade
9142;Preço e valor
9198;Expectativa e descrição
9198;Entrega
9226;Expectativa e descrição
9226;Entrega
9323;Desempenho e eficiência
9422;Recomendação
9530;Desempenho e eficiência
9886;Desempenho e eficiência
16;Uso diário e praticidade
16;Recomendação
44;Recomendação
153;Uso diário e praticidade
153;Recomendação
274;Qualidade
324;Qualidade
324;Preço e valor
501;Qualidade
733;Qualidade
929;Desempenho e eficiência
1025;Recomendação
1039;Recomendação
1048;Qualidade
1126;Desempenho e eficiência
1159;Qualidade
1260;Desempenho e eficiência
1263;Recomendação
1295;Recomendação
1535;Expectativa e descrição
1535;Entrega
1567;Qualidade
1719;Expectativa e descrição
1719;Entrega
1840;Qualidade
1854;Qualidade
1909;Expectativa e descrição
2006;Qualidade
2181;Qualidade
2373;Qualidade
2373;Preço e valor
2443;Desempenho e eficiência
2710;Qualidade
2710;Preço e valor
3016;Qualidade
3094;Expectativa e descrição
3111;Desempenho e eficiência
3321;Recomendação
3358;Qualidade
3450;Recomendação
3605;Expectativa e descrição
3605;Entrega
3666;Qualidade
3778;Qualidade
3778;Preço e valor
3814;Expectativa e descrição
3814;Entrega
3929;Expectativa e descrição
3937;Desempenho e eficiência
3962;Recomendação
4198;Expectativa e descrição
4198;Entrega
4343;Desempenho e eficiência
4377;Uso diário e praticidade
4377;Recomendação
4574;Qualidade
4574;Preço e valor
4824;Qualidade
4829;Qualidade
4880;Expectativa e descrição
4889;Recomendação
5131;Desempenho e eficiência
5201;Qualidade
5468;Qualidade
5468;Preço e valor
5545;Expectativa e descrição
5545;Entrega
5579;Qualidade
5608;Desempenho e eficiência
5748;Qualidade
5748;Preço e valor
5779;Qualidade
5779;Preço e valor
5876;Recomendação
5940;Uso diário e praticidade
5940;Recomendação
6074;Uso diário e praticidade
6074;Recomendação
6456;Expectativa e descrição
6567;Qualidade
6586;Recomendação
6641;Qualidade
6678;Expectativa e descrição
6678;Entrega
6705;Qualidade
6733;Expectativa e descrição
6733;Entrega
6915;Expectativa e descrição
6959;Qualidade
6999;Uso diário e praticidade
6999;Recomendação
7046;Recomendação
7077;Uso diário e praticidade
7077;Recomendação
7241;Expectativa e descrição
7258;Expectativa e descrição
7258;Entrega
7291;Expectativa e descrição
7387;Recomendação
7420;Uso diário e praticidade
7420;Recomendação
7527;Expectativa e descrição
7527;Entrega
7530;Uso diário e praticidade
7530;Recomendação
7540;Qualidade
7545;Qualidade
7556;Expectativa e descrição
7556;Entrega
7768;Desempenho e eficiência
7795;Desempenho e eficiência
7923;Desempenho e eficiência
8177;Recomendação
8317;Qualidade
8407;Expectativa e descrição
8407;Entrega
8579;Uso diário e praticidade
8579;Recomendação
8634;Desempenho e eficiência
8856;Qualidade
8856;Preço e valor
8896;Recomendação
8944;Qualidade
8944;Preço e valor
9100;Uso diário e praticidade
9100;Recomendação
9218;Recomendação
9354;Recomendação
9358;Qualidade
9418;Desempenho e eficiência
9562;Qualidade
9567;Qualidade
9589;Recomendação
9765;Uso diário e praticidade
9765;Recomendação
9865;Qualidade
114;Uso diário e praticidade
114;Recomendação
223;Expectativa e descrição
243;Desempenho e eficiência
286;Recomendação
419;Qualidade
586;Uso diário e praticidade
586;Recomendação
589;Expectativa e descrição
673;Uso diário e praticidade
673;Recomendação
868;Qualidade
877;Qualidade
982;Desempenho e eficiência
1007;Qualidade
1007;Preço e valor
1118;Desempenho e eficiência
1210;Qualidade
1210;Preço e valor
1237;Qualidade
1318;Expectativa e descrição
1320;Qualidade
1320;Preço e valor
1335;Expectativa e descrição
1385;Expectativa e descrição
1385;Entrega
1601;Expectativa e descrição
1601;Entrega
1726;Uso diário e praticidade
1726;Recomendação
1765;Desempenho e eficiência
1797;Uso diário e praticidade
1797;Recomendação
1811;Recomendação
1812;Qualidade
1950;Recomendação
1986;Expectativa e descrição
2242;Uso diário e praticidade
2242;Recomendação
2263;Recomendação
2273;Recomendação
2703;Qualidade
2734;Uso diário e praticidade
2734;Recomendação
2761;Desempenho e eficiência
2848;Qualidade
2982;Expectativa e descrição
3085;Desempenho e eficiência
3235;Expectativa e descrição
3454;Qualidade
3663;Expectativa e descrição
3663;Entrega
3688;Qualidade
4023;Desempenho e eficiência
4127;Recomendação
4251;Expectativa e descrição
4251;Entrega
4304;Qualidade
4352;Desempenho e eficiência
5010;Recomendação
5038;Uso diário e praticidade
5038;Recomendação
5098;Expectativa e descrição
5160;Uso diário e praticidade
5160;Recomendação
5232;Recomendação
5273;Qualidade
5306;Recomendação
5441;Expectativa e descrição
5487;Qualidade
5578;Expectativa e descrição
5646;Expectativa e descrição
5646;Entrega
5750;Recomendação
5751;Recomendação
5785;Recomendação
5836;Qualidade
5836;Preço e valor
6229;Qualidade
6229;Preço e valor
6265;Qualidade
6265;Preço e valor
6297;Desempenho e eficiência
6340;Recomendação
6496;Desempenho e eficiência
6529;Desempenho e eficiência
6691;Uso diário e praticidade
6691;Recomendação
6744;Expectativa e descrição
6839;Recomendação
6850;Desempenho e eficiência
6893;Desempenho e eficiência
6941;Recomendação
6962;Recomendação
7049;Uso diário e praticidade
7049;Recomendação
7324;Desempenho e eficiência
7554;Uso diário e praticidade
7554;Recomendação
7884;Qualidade
7976;Desempenho e eficiência
7997;Qualidade
7998;Desempenho e eficiência
8312;Qualidade
8312;Preço e valor
8562;Qualidade
8562;Preço e valor
8664;Recomendação
8793;Recomendação
8949;Recomendação
8955;Recomendação
8961;Desempenho e eficiência
9035;Recomendação
9084;Uso diário e praticidade
9084;Recomendação
9119;Expectativa e descrição
9119;Entrega
9374;Qualidade
9389;Uso diário e praticidade
9389;Recomendação
9396;Qualidade
9444;Qualidade
9636;Expectativa e descrição
9636;Entrega
9802;Expectativa e descrição
9802;Entrega
9856;Expectativa e descrição
9856;Entrega
466;Desempenho e eficiência
479;Recomendação
567;Qualidade
567;Preço e valor
771;Desempenho e eficiência
1030;Qualidade
1157;Qualidade
1235;Expectativa e descrição
1235;Entrega
1338;Recomendação
1392;Expectativa e descrição
1558;Desempenho e eficiência
1805;Qualidade
1938;Expectativa e descrição
1940;Desempenho e eficiência
1978;Qualidade
2114;Desempenho e eficiência
2148;Expectativa e descrição
2148;Entrega
2158;Uso diário e praticidade
2158;Recomendação
2288;Desempenho e eficiência
2387;Qualidade
2387;Preço e valor
2655;Expectativa e descrição
2704;Desempenho e eficiência
2739;Uso diário e praticidade
2739;Recomendação
3002;Recomendação
3052;Recomendação
3222;Desempenho e eficiência
3453;Desempenho e eficiência
3718;Qualidade
3860;Qualidade
3860;Preço e valor
3880;Desempenho e eficiência
3926;Expectativa e descrição
3948;Qualidade
3992;Qualidade
3992;Preço e valor
4058;Qualidade
4166;Expectativa e descrição
4199;Desempenho e eficiência
4213;Qualidade
4303;Recomendação
4317;Expectativa e descrição
4317;Entrega
4358;Recomendação
4452;Recomendação
4537;Expectativa e descrição
4537;Entrega
4810;Expectativa e descrição
4977;Expectativa e descrição
5040;Qualidade
5040;Preço e valor
5097;Recomendação
5217;Recomendação
5308;Qualidade
5308;Preço e valor
5427;Qualidade
5457;Expectativa e descrição
5462;Qualidade
5499;Uso diário e praticidade
5499;Recomendação
5757;Qualidade
5801;Qualidade
5801;Preço e valor
5861;Qualidade
5861;Preço e valor
5907;Recomendação
6017;Recomendação
6107;Qualidade
6114;Desempenho e eficiência
6154;Recomendação
6156;Qualidade
6156;Preço e valor
6777;Uso diário e praticidade
6777;Recomendação
6794;Desempenho e eficiência
6854;Desempenho e eficiência
7043;Expectativa e descrição
7153;Desempenho e eficiência
7171;Qualidade
7171;Preço e valor
7182;Desempenho e eficiência
7221;Desempenho e eficiência
7370;Expectativa e descrição
7370;Entrega
7463;Desempenho e eficiência
7487;Expectativa e descrição
7536;Uso diário e praticidade
7536;Recomendação
7885;Recomendação
8031;Uso diário e praticidade
8031;Recomendação
8356;Expectativa e descrição
8374;Qualidade
8435;Desempenho e eficiência
8585;Desempenho e eficiência
8627;Expectativa e descrição
8627;Entrega
8774;Expectativa e descrição
8848;Recomendação
8890;Recomendação
8891;Recomendação
8999;Qualidade
8999;Preço e valor
9026;Qualidade
9148;Expectativa e descrição
9213;Expectativa e descrição
9646;Desempenho e eficiência
9820;Recomendação
9925;Qualidade
9938;Qualidade
9938;Preço e valor
107;Qualidade
340;Expectativa e descrição
634;Expectativa e descrição
634;Entrega
1037;Uso diário e praticidade
1037;Recomendação
1065;Qualidade
1065;Preço e valor
1366;Recomendação
1449;Desempenho e eficiência
1536;Qualidade
1640;Expectativa e descrição
1640;Entrega
2026;Qualidade
2026;Preço e valor
2265;Expectativa e descrição
2265;Entrega
2562;Desempenho e eficiência
2578;Desempenho e eficiência
2740;Qualidade
2740;Preço e valor
2749;Recomendação
2757;Desempenho e eficiência
2990;Qualidade
2990;Preço e valor
3011;Desempenho e eficiência
3036;Expectativa e descrição
3036;Entrega
3123;Qualidade
3143;Qualidade
3143;Preço e valor
3655;Recomendação
3799;Expectativa e descrição
3829;Expectativa e descrição
3829;Entrega
3864;Desempenho e eficiência
3905;Recomendação
3923;Desempenho e eficiência
4016;Qualidade
4151;Qualidade
4200;Desempenho e eficiência
4273;Qualidade
4298;Uso diário e praticidade
4298;Recomendação
4410;Expectativa e descrição
4410;Entrega
4623;Desempenho e eficiência
4641;Recomendação
4668;Recomendação
4673;Uso diário e praticidade
4673;Recomendação
4688;Qualidade
4841;Qualidade
4841;Preço e valor
4882;Expectativa e descrição
4882;Entrega
4892;Expectativa e descrição
4892;Entrega
4961;Qualidade
4986;Recomendação
5027;Recomendação
5314;Desempenho e eficiência
5345;Expectativa e descrição
5345;Entrega
5831;Recomendação
5988;Expectativa e descrição
6009;Desempenho e eficiência
6056;Recomendação
6098;Desempenho e eficiência
6474;Recomendação
6757;Recomendação
6925;Qualidade
6928;Expectativa e descrição
6928;Entrega
7562;Desempenho e eficiência
7749;Qualidade
7749;Preço e valor
7826;Qualidade
7954;Recomendação
7965;Desempenho e eficiência
8139;Recomendação
8228;Recomendação
8448;Expectativa e descrição
8448;Entrega
8594;Desempenho e eficiência
8635;Expectativa e descrição
8737;Qualidade
8737;Preço e valor
8897;Desempenho e eficiência
8942;Qualidade
8983;Expectativa e descrição
8983;Entrega
8994;Qualidade
9007;Expectativa e descrição
9011;Expectativa e descrição
9011;Entrega
9162;Uso diário e praticidade
9162;Recomendação
9432;Qualidade
9432;Preço e valor
9650;Expectativa e descrição
18;Qualidade
18;Desempenho e eficiência
61;Uso diário e praticidade
61;Recomendação
227;Qualidade
304;Qualidade
562;Recomendação
665;Qualidade
666;Desempenho e eficiência
795;Uso diário e praticidade
795;Recomendação
827;Recomendação
889;Recomendação
946;Desempenho e eficiência
1134;Expectativa e descrição
1134;Entrega
1188;Qualidade
1188;Preço e valor
1243;Qualidade
1347;Expectativa e descrição
1347;Entrega
1474;Desempenho e eficiência
1507;Expectativa e descrição
1515;Qualidade
1515;Preço e valor
1635;Qualidade
1635;Preço e valor
1679;Uso diário e praticidade
1679;Recomendação
1849;Expectativa e descrição
2023;Expectativa e descrição
2309;Desempenho e eficiência
2650;Qualidade
2681;Expectativa e descrição
2682;Qualidade
2732;Desempenho e eficiência
2796;Desempenho e eficiência
2925;Qualidade
3151;Uso diário e praticidade
3151;Recomendação
3248;Qualidade
3248;Preço e valor
3347;Desempenho e eficiência
3355;Desempenho e eficiência
3465;Qualidade
3550;Expectativa e descrição
3550;Entrega
3714;Desempenho e eficiência
3833;Recomendação
3938;Qualidade
3938;Preço e valor
3947;Expectativa e descrição
3968;Desempenho e eficiência
4162;Desempenho e eficiência
4329;Desempenho e eficiência
4373;Recomendação
4474;Expectativa e descrição
4542;Uso diário e praticidade
4542;Recomendação
4547;Qualidade
4581;Desempenho e eficiência
4680;Expectativa e descrição
4754;Recomendação
4877;Desempenho e eficiência
4967;Desempenho e eficiência
5020;Recomendação
5242;Desempenho e eficiência
5300;Recomendação
5360;Expectativa e descrição
5364;Desempenho e eficiência
5625;Qualidade
5625;Preço e valor
5768;Qualidade
6039;Expectativa e descrição
6225;Expectativa e descrição
6225;Entrega
6238;Qualidade
6245;Qualidade
6351;Recomendação
6406;Qualidade
6688;Expectativa e descrição
6927;Expectativa e descrição
6929;Qualidade
6955;Qualidade
7382;Recomendação
7479;Uso diário e praticidade
7479;Recomendação
7500;Expectativa e descrição
7500;Entrega
7558;Qualidade
7913;Expectativa e descrição
8047;Expectativa e descrição
8110;Desempenho e eficiência
8269;Qualidade
8335;Qualidade
8520;Recomendação
8828;Expectativa e descrição
8864;Qualidade
8877;Qualidade
8945;Qualidade
8945;Preço e valor
8969;Desempenho e eficiência
9174;Qualidade
9302;Expectativa e descrição
9311;Qualidade
9330;Recomendação
9641;Qualidade
9698;Expectativa e descrição
9698;Entrega
9829;Qualidade
9859;Qualidade
9894;Expectativa e descrição
9958;Desempenho e eficiência
98;Qualidade
98;Preço e valor
167;Qualidade
323;Qualidade
323;Preço e valor
369;Qualidade
430;Desempenho e eficiência
469;Recomendação
938;Desempenho e eficiência
958;Qualidade
1137;Qualidade
1137;Preço e valor
1167;Recomendação
1184;Recomendação
1205;Qualidade
1480;Qualidade
1480;Preço e valor
1481;Expectativa e descrição
1783;Recomendação
1823;Qualidade
1823;Preço e valor
2112;Qualidade
2112;Preço e valor
2116;Recomendação
2126;Expectativa e descrição
2126;Entrega
2408;Expectativa e descrição
2462;Expectativa e descrição
2470;Expectativa e descrição
2470;Entrega
2523;Expectativa e descrição
2564;Recomendação
2600;Qualidade
2608;Recomendação
2684;Uso diário e praticidade
2684;Recomendação
2719;Recomendação
2818;Recomendação
2833;Qualidade
2927;Qualidade
2998;Expectativa e descrição
2998;Entrega
3150;Recomendação
3169;Expectativa e descrição
3169;Entrega
3198;Uso diário e praticidade
3198;Recomendação
3225;Qualidade
3292;Desempenho e eficiência
3396;Qualidade
3423;Expectativa e descrição
3423;Entrega
3428;Qualidade
3437;Recomendação
3478;Recomendação
3535;Uso diário e praticidade
3535;Recomendação
3677;Qualidade
3685;Qualidade
3685;Preço e valor
3856;Expectativa e descrição
4008;Recomendação
4010;Desempenho e eficiência
4139;Recomendação
4205;Expectativa e descrição
4397;Expectativa e descrição
4397;Entrega
4487;Expectativa e descrição
4706;Uso diário e praticidade
4706;Recomendação
4887;Qualidade
4887;Preço e valor
5076;Desempenho e eficiência
5213;Recomendação
5366;Qualidade
5366;Preço e valor
5440;Expectativa e descrição
5440;Entrega
5516;Desempenho e eficiência
5647;Expectativa e descrição
5647;Entrega
5695;Qualidade
5695;Preço e valor
5707;Recomendação
6153;Desempenho e eficiência
6291;Expectativa e descrição
6673;Uso diário e praticidade
6673;Recomendação
6692;Desempenho e eficiência
6767;Uso diário e praticidade
6767;Recomendação
6778;Uso diário e praticidade
6778;Recomendação
6835;Desempenho e eficiência
6888;Qualidade
6914;Qualidade
6914;Preço e valor
7000;Qualidade
7064;Expectativa e descrição
7064;Entrega
7167;Expectativa e descrição
7167;Entrega
7251;Desempenho e eficiência
7364;Qualidade
7472;Qualidade
7501;Desempenho e eficiência
7675;Uso diário e praticidade
7675;Recomendação
7760;Desempenho e eficiência
7776;Desempenho e eficiência
7956;Expectativa e descrição
8036;Qualidade
8040;Uso diário e praticidade
8040;Recomendação
8391;Expectativa e descrição
8478;Expectativa e descrição
8478;Entrega
8717;Desempenho e eficiência
8966;Expectativa e descrição
8966;Entrega
9056;Expectativa e descrição
9156;Qualidade
9157;Recomendação
9197;Qualidade
9268;Expectativa e descrição
9429;Recomendação
9475;Qualidade
9475;Preço e valor
9536;Expectativa e descrição
9536;Entrega
9569;Uso diário e praticidade
9569;Recomendação
9685;Qualidade
9685;Preço e valor
9763;Qualidade
9763;Preço e valor
9816;Qualidade
211;Expectativa e descrição
339;Desempenho e eficiência
549;Qualidade
743;Recomendação
756;Recomendação
1017;Recomendação
1603;Desempenho e eficiência
1622;Expectativa e descrição
1622;Entrega
1628;Qualidade
1727;Expectativa e descrição
1727;Entrega
2327;Desempenho e eficiência
2359;Uso diário e praticidade
2359;Recomendação
2461;Desempenho e eficiência
2784;Qualidade
2784;Preço e valor
2859;Desempenho e eficiência
2899;Expectativa e descrição
2899;Entrega
3076;Expectativa e descrição
3147;Recomendação
3236;Expectativa e descrição
3256;Recomendação
3298;Qualidade
3310;Desempenho e eficiência
3316;Qualidade
3316;Preço e valor
3372;Uso diário e praticidade
3372;Recomendação
3641;Recomendação
3652;Qualidade
3974;Qualidade
3984;Desempenho e eficiência
4158;Qualidade
4177;Qualidade
4201;Uso diário e praticidade
4201;Recomendação
4250;Recomendação
4403;Recomendação
4517;Expectativa e descrição
4546;Expectativa e descrição
4555;Desempenho e eficiência
4684;Qualidade
4701;Recomendação
4818;Desempenho e eficiência
5068;Qualidade
5068;Preço e valor
5095;Desempenho e eficiência
5132;Recomendação
5146;Desempenho e eficiência
5157;Desempenho e eficiência
5348;Recomendação
5475;Recomendação
5587;Qualidade
5587;Preço e valor
5606;Qualidade
5651;Desempenho e eficiência
5724;Qualidade
5792;Expectativa e descrição
5862;Expectativa e descrição
5862;Entrega
5890;Expectativa e descrição
5890;Entrega
5934;Uso diário e praticidade
5934;Recomendação
6046;Desempenho e eficiência
6051;Desempenho e eficiência
6126;Expectativa e descrição
6126;Entrega
6202;Recomendação
6337;Desempenho e eficiência
6394;Expectativa e descrição
6535;Qualidade
6546;Desempenho e eficiência
6806;Recomendação
6911;Desempenho e eficiência
6930;Recomendação
6971;Expectativa e descrição
6985;Desempenho e eficiência
6993;Expectativa e descrição
6993;Entrega
7087;Recomendação
7210;Recomendação
7219;Desempenho e eficiência
7225;Recomendação
7317;Qualidade
7350;Desempenho e eficiência
7371;Expectativa e descrição
7424;Expectativa e descrição
7424;Entrega
7525;Qualidade
7557;Expectativa e descrição
7557;Entrega
7563;Qualidade
7613;Expectativa e descrição
7613;Entrega
7640;Qualidade
7697;Expectativa e descrição
7697;Entrega
7710;Qualidade
7757;Qualidade
7812;Desempenho e eficiência
7994;Expectativa e descrição
7994;Entrega
8003;Recomendação
8039;Uso diário e praticidade
8039;Recomendação
8041;Qualidade
8098;Qualidade
8209;Qualidade
8436;Recomendação
8541;Uso diário e praticidade
8541;Recomendação
8545;Uso diário e praticidade
8545;Recomendação
8726;Desempenho e eficiência
8807;Recomendação
8952;Expectativa e descrição
9002;Uso diário e praticidade
9002;Recomendação
9028;Qualidade
9076;Desempenho e eficiência
9097;Expectativa e descrição
9097;Entrega
9149;Recomendação
9224;Uso diário e praticidade
9224;Recomendação
9310;Desempenho e eficiência
9464;Desempenho e eficiência
9511;Desempenho e eficiência
9672;Qualidade
9696;Recomendação
9728;Recomendação
9767;Qualidade
42;Uso diário e praticidade
42;Recomendação
352;Qualidade
352;Preço e valor
437;Recomendação
525;Qualidade
525;Preço e valor
537;Recomendação
565;Recomendação
632;Expectativa e descrição
632;Entrega
755;Qualidade
755;Preço e valor
802;Recomendação
825;Desempenho e eficiência
844;Qualidade
1061;Recomendação
1145;Qualidade
1250;Qualidade
1400;Expectativa e descrição
1405;Recomendação
1432;Recomendação
1521;Desempenho e eficiência
1551;Qualidade
1551;Preço e valor
1573;Qualidade
1723;Qualidade
1799;Qualidade
1861;Expectativa e descrição
1861;Entrega
2087;Recomendação
2106;Recomendação
2197;Expectativa e descrição
2197;Entrega
2206;Desempenho e eficiência
2338;Expectativa e descrição
2447;Qualidade
2509;Expectativa e descrição
2542;Qualidade
2669;Recomendação
2793;Qualidade
2815;Recomendação
2865;Recomendação
2910;Qualidade
2943;Qualidade
3219;Qualidade
3317;Qualidade
3317;Preço e valor
3338;Desempenho e eficiência
3402;Uso diário e praticidade
3402;Recomendação
3426;Qualidade
3676;Expectativa e descrição
3676;Entrega
3735;Uso diário e praticidade
3735;Recomendação
3789;Uso diário e praticidade
3789;Recomendação
3831;Qualidade
3831;Preço e valor
4020;Recomendação
4083;Desempenho e eficiência
4114;Qualidade
4119;Qualidade
4119;Preço e valor
4170;Qualidade
4274;Qualidade
4274;Preço e valor
4287;Qualidade
4318;Expectativa e descrição
4318;Entrega
4334;Qualidade
4481;Recomendação
4597;Recomendação
4621;Expectativa e descrição
4989;Desempenho e eficiência
5062;Qualidade
5062;Preço e valor
5126;Recomendação
5289;Desempenho e eficiência
5410;Recomendação
5442;Expectativa e descrição
5442;Entrega
5471;Recomendação
5519;Recomendação
5570;Expectativa e descrição
5594;Recomendação
5618;Qualidade
5618;Preço e valor
5743;Expectativa e descrição
5743;Entrega
6209;Desempenho e eficiência
6271;Desempenho e eficiência
6333;Qualidade
6374;Desempenho e eficiência
6481;Expectativa e descrição
6504;Expectativa e descrição
6504;Entrega
6526;Qualidade
6527;Qualidade
6679;Qualidade
6679;Preço e valor
6698;Uso diário e praticidade
6698;Recomendação
6833;Recomendação
6881;Uso diário e praticidade
6881;Recomendação
6892;Qualidade
6953;Recomendação
6975;Qualidade
7113;Desempenho e eficiência
7232;Qualidade
7256;Recomendação
7282;Qualidade
7596;Desempenho e eficiência
7641;Desempenho e eficiência
7648;Desempenho e eficiência
7674;Desempenho e eficiência
7699;Recomendação
7734;Qualidade
7759;Desempenho e eficiência
7856;Desempenho e eficiência
7886;Uso diário e praticidade
7886;Recomendação
7919;Qualidade
8062;Qualidade
8117;Recomendação
8451;Uso diário e praticidade
8451;Recomendação
8515;Recomendação
8559;Expectativa e descrição
8559;Entrega
8560;Qualidade
8631;Desempenho e eficiência
8651;Uso diário e praticidade
8651;Recomendação
8723;Expectativa e descrição
8768;Qualidade
8773;Recomendação
8869;Expectativa e descrição
8869;Entrega
8960;Uso diário e praticidade
8960;Recomendação
9134;Desempenho e eficiência
9229;Desempenho e eficiência
9446;Desempenho e eficiência
9456;Expectativa e descrição
9466;Uso diário e praticidade
9466;Recomendação
9495;Qualidade
9603;Recomendação
9819;Uso diário e praticidade
9819;Recomendação
83;Recomendação
517;Qualidade
517;Preço e valor
740;Recomendação
747;Qualidade
747;Preço e valor
1008;Qualidade
1270;Qualidade
1290;Qualidade
1502;Expectativa e descrição
1502;Entrega
1531;Qualidade
1651;Qualidade
1763;Recomendação
1773;Expectativa e descrição
1773;Entrega
1847;Qualidade
1847;Preço e valor
1956;Expectativa e descrição
2013;Recomendação
2059;Qualidade
2217;Recomendação
2234;Recomendação
2253;Desempenho e eficiência
2282;Uso diário e praticidade
2282;Recomendação
2399;Expectativa e descrição
2399;Entrega
2513;Uso diário e praticidade
2513;Recomendação
2525;Qualidade
2539;Recomendação
2820;Recomendação
2841;Expectativa e descrição
2857;Uso diário e praticidade
2857;Recomendação
3010;Qualidade
3286;Qualidade
3394;Qualidade
3475;Recomendação
3512;Recomendação
3639;Qualidade
3694;Desempenho e eficiência
3815;Qualidade
3815;Preço e valor
3857;Expectativa e descrição
3857;Entrega
4090;Uso diário e praticidade
4090;Recomendação
4157;Uso diário e praticidade
4157;Recomendação
4442;Desempenho e eficiência
4634;Qualidade
4695;Qualidade
4857;Qualidade
4873;Qualidade
4873;Preço e valor
5054;Recomendação
5061;Uso diário e praticidade
5061;Recomendação
5085;Expectativa e descrição
5085;Entrega
5101;Qualidade
5101;Preço e valor
5626;Recomendação
5728;Recomendação
5770;Uso diário e praticidade
5770;Recomendação
5835;Expectativa e descrição
5835;Entrega
5921;Expectativa e descrição
6163;Qualidade
6163;Preço e valor
6214;Expectativa e descrição
6415;Recomendação
6472;Desempenho e eficiência
6484;Uso diário e praticidade
6484;Recomendação
6508;Uso diário e praticidade
6508;Recomendação
6629;Desempenho e eficiência
6753;Recomendação
7004;Expectativa e descrição
7025;Qualidade
7025;Preço e valor
7106;Recomendação
7193;Qualidade
7193;Preço e valor
7239;Uso diário e praticidade
7239;Recomendação
7581;Qualidade
7586;Recomendação
7705;Qualidade
7722;Qualidade
7722;Preço e valor
7839;Expectativa e descrição
7842;Recomendação
7878;Qualidade
8107;Desempenho e eficiência
8125;Recomendação
8133;Expectativa e descrição
8164;Qualidade
8233;Uso diário e praticidade
8233;Recomendação
8428;Expectativa e descrição
8428;Entrega
8640;Recomendação
8734;Uso diário e praticidade
8734;Recomendação
9036;Desempenho e eficiência
9087;Qualidade
9344;Desempenho e eficiência
9608;Recomendação
9684;Recomendação
9875;Expectativa e descrição
9991;Expectativa e descrição
9991;Entrega
130;Desempenho e eficiência
134;Uso diário e praticidade
134;Recomendação
136;Recomendação
200;Desempenho e eficiência
280;Uso diário e praticidade
280;Recomendação
405;Qualidade
465;Qualidade
481;Expectativa e descrição
481;Entrega
520;Desempenho e eficiência
523;Qualidade
602;Qualidade
717;Desempenho e eficiência
966;Qualidade
1033;Expectativa e descrição
1066;Desempenho e eficiência
1147;Expectativa e descrição
1147;Entrega
1180;Desempenho e eficiência
1230;Qualidade
1332;Qualidade
1428;Recomendação
1456;Qualidade
1463;Qualidade
1487;Qualidade
1530;Expectativa e descrição
1664;Expectativa e descrição
1725;Desempenho e eficiência
1923;Qualidade
2107;Qualidade
2107;Preço e valor
2115;Expectativa e descrição
2235;Uso diário e praticidade
2235;Recomendação
2320;Recomendação
2344;Uso diário e praticidade
2344;Recomendação
2420;Qualidade
2646;Qualidade
2657;Qualidade
2936;Recomendação
2966;Qualidade
3031;Uso diário e praticidade
3031;Recomendação
3254;Uso diário e praticidade
3254;Recomendação
3341;Qualidade
4093;Desempenho e eficiência
4135;Desempenho e eficiência
4145;Expectativa e descrição
4145;Entrega
4182;Desempenho e eficiência
4277;Qualidade
4356;Desempenho e eficiência
4427;Qualidade
4568;Qualidade
4702;Uso diário e praticidade
4702;Recomendação
4741;Expectativa e descrição
4860;Recomendação
4982;Qualidade
4982;Preço e valor
4988;Expectativa e descrição
4988;Entrega
5057;Qualidade
5111;Uso diário e praticidade
5111;Recomendação
5193;Uso diário e praticidade
5193;Recomendação
5226;Uso diário e praticidade
5226;Recomendação
5256;Qualidade
5256;Preço e valor
5418;Qualidade
5418;Preço e valor
5676;Qualidade
5717;Desempenho e eficiência
5932;Recomendação
6218;Recomendação
6243;Uso diário e praticidade
6243;Recomendação
6258;Desempenho e eficiência
6402;Recomendação
6511;Recomendação
6661;Qualidade
6661;Preço e valor
6690;Expectativa e descrição
6690;Entrega
6732;Qualidade
6798;Recomendação
6894;Qualidade
6926;Desempenho e eficiência
7157;Uso diário e praticidade
7157;Recomendação
7233;Recomendação
7236;Expectativa e descrição
7249;Recomendação
7259;Qualidade
7298;Qualidade
7298;Preço e valor
7520;Qualidade
7599;Expectativa e descrição
7599;Entrega
7622;Recomendação
7624;Recomendação
7925;Expectativa e descrição
7925;Entrega
7941;Desempenho e eficiência
8023;Qualidade
8023;Preço e valor
8029;Expectativa e descrição
8029;Entrega
8045;Desempenho e eficiência
8064;Qualidade
8103;Recomendação
8141;Qualidade
8175;Desempenho e eficiência
8365;Qualidade
8413;Expectativa e descrição
8532;Recomendação
8620;Uso diário e praticidade
8620;Recomendação
8900;Expectativa e descrição
9164;Qualidade
9164;Preço e valor
9487;Desempenho e eficiência
9510;Qualidade
9602;Desempenho e eficiência
9702;Recomendação
9715;Recomendação
9746;Qualidade
9907;Desempenho e eficiência
85;Qualidade
85;Preço e valor
127;Desempenho e eficiência
312;Desempenho e eficiência
417;Expectativa e descrição
440;Recomendação
513;Recomendação
531;Recomendação
792;Expectativa e descrição
867;Expectativa e descrição
920;Expectativa e descrição
981;Expectativa e descrição
981;Entrega
1139;Uso diário e praticidade
1139;Recomendação
1246;Desempenho e eficiência
1346;Desempenho e eficiência
1534;Desempenho e eficiência
1604;Recomendação
1728;Expectativa e descrição
1816;Uso diário e praticidade
1816;Recomendação
1826;Qualidade
1826;Preço e valor
2093;Desempenho e eficiência
2108;Recomendação
2120;Desempenho e eficiência
2130;Qualidade
2230;Qualidade
2230;Preço e valor
2325;Qualidade
2325;Preço e valor
2331;Recomendação
2372;Expectativa e descrição
2372;Entrega
2400;Qualidade
2400;Preço e valor
2812;Desempenho e eficiência
3171;Qualidade
3284;Uso diário e praticidade
3284;Recomendação
3643;Uso diário e praticidade
3643;Recomendação
3664;Expectativa e descrição
3664;Entrega
3697;Desempenho e eficiência
3707;Recomendação
3819;Expectativa e descrição
4032;Recomendação
4071;Uso diário e praticidade
4071;Recomendação
4076;Qualidade
4217;Recomendação
4335;Qualidade
4335;Preço e valor
4503;Recomendação
4612;Recomendação
4843;Uso diário e praticidade
4843;Recomendação
4847;Expectativa e descrição
4847;Entrega
4980;Qualidade
5071;Uso diário e praticidade
5071;Recomendação
5125;Desempenho e eficiência
5285;Qualidade
5285;Preço e valor
5294;Desempenho e eficiência
5368;Expectativa e descrição
5382;Desempenho e eficiência
5395;Recomendação
5649;Qualidade
5854;Desempenho e eficiência
5906;Uso diário e praticidade
5906;Recomendação
6099;Desempenho e eficiência
6119;Qualidade
6122;Desempenho e eficiência
6172;Recomendação
6176;Qualidade
6347;Desempenho e eficiência
6388;Desempenho e eficiência
6478;Qualidade
6478;Preço e valor
6649;Desempenho e eficiência
6697;Expectativa e descrição
6774;Uso diário e praticidade
6774;Recomendação
6870;Expectativa e descrição
6923;Desempenho e eficiência
7198;Desempenho e eficiência
7199;Qualidade
7263;Desempenho e eficiência
7284;Qualidade
7476;Expectativa e descrição
7476;Entrega
7484;Expectativa e descrição
7488;Recomendação
7660;Uso diário e praticidade
7660;Recomendação
7666;Recomendação
7700;Qualidade
7754;Desempenho e eficiência
7818;Expectativa e descrição
7818;Entrega
7870;Qualidade
7889;Recomendação
8061;Recomendação
8216;Qualidade
8216;Preço e valor
8437;Qualidade
8464;Desempenho e eficiência
8469;Recomendação
8588;Expectativa e descrição
8588;Entrega
8609;Qualidade
8706;Expectativa e descrição
8851;Recomendação
9013;Qualidade
9013;Preço e valor
9099;Desempenho e eficiência
9109;Desempenho e eficiência
9133;Recomendação
9147;Qualidade
9147;Preço e valor
9414;Desempenho e eficiência
9428;Expectativa e descrição
9430;Qualidade
9430;Preço e valor
9613;Desempenho e eficiência
9706;Qualidade
9912;Desempenho e eficiência
9992;Expectativa e descrição
9992;Entrega
64;Qualidade
64;Desempenho e eficiência
73;Recomendação
86;Desempenho e eficiência
120;Desempenho e eficiência
182;Recomendação
210;Qualidade
210;Preço e valor
322;Qualidade
353;Uso diário e praticidade
353;Recomendação
358;Recomendação
420;Desempenho e eficiência
473;Recomendação
642;Qualidade
686;Expectativa e descrição
686;Entrega
855;Qualidade
914;Expectativa e descrição
986;Expectativa e descrição
1028;Desempenho e eficiência
1092;Expectativa e descrição
1092;Entrega
1120;Desempenho e eficiência
1362;Qualidade
1382;Desempenho e eficiência
1980;Recomendação
2045;Qualidade
2084;Qualidade
2084;Preço e valor
2185;Qualidade
2297;Desempenho e eficiência
2390;Desempenho e eficiência
2397;Qualidade
2397;Preço e valor
2627;Desempenho e eficiência
3034;Uso diário e praticidade
3034;Recomendação
3247;Qualidade
3329;Qualidade
3397;Qualidade
3436;Recomendação
3622;Desempenho e eficiência
3670;Expectativa e descrição
3670;Entrega
3934;Recomendação
3960;Desempenho e eficiência
3977;Recomendação
4059;Qualidade
4059;Preço e valor
4312;Qualidade
4386;Recomendação
4458;Qualidade
4528;Qualidade
4552;Recomendação
4813;Desempenho e eficiência
4888;Expectativa e descrição
4888;Entrega
4933;Qualidade
4952;Desempenho e eficiência
4979;Recomendação
5174;Expectativa e descrição
5174;Entrega
5264;Uso diário e praticidade
5264;Recomendação
5334;Expectativa e descrição
5425;Recomendação
5465;Qualidade
5465;Preço e valor
5532;Desempenho e eficiência
5549;Expectativa e descrição
5653;Qualidade
5653;Preço e valor
5714;Qualidade
5714;Preço e valor
5763;Expectativa e descrição
5794;Qualidade
5812;Recomendação
5924;Expectativa e descrição
5949;Recomendação
6553;Recomendação
6587;Recomendação
6685;Qualidade
6685;Preço e valor
6890;Desempenho e eficiência
6952;Qualidade
6952;Preço e valor
7015;Uso diário e praticidade
7015;Recomendação
7030;Desempenho e eficiência
7278;Expectativa e descrição
7279;Expectativa e descrição
7279;Entrega
7385;Qualidade
7385;Preço e valor
7399;Desempenho e eficiência
7513;Uso diário e praticidade
7513;Recomendação
7542;Expectativa e descrição
7542;Entrega
7588;Recomendação
7647;Expectativa e descrição
7647;Entrega
7724;Qualidade
7918;Qualidade
7918;Preço e valor
8151;Recomendação
8183;Expectativa e descrição
8183;Entrega
8272;Recomendação
8348;Recomendação
8393;Qualidade
8393;Preço e valor
8494;Expectativa e descrição
8956;Expectativa e descrição
8998;Qualidade
9034;Recomendação
9124;Qualidade
9161;Qualidade
9161;Preço e valor
9167;Expectativa e descrição
9167;Entrega
9253;Recomendação
9420;Qualidade
9551;Desempenho e eficiência
9552;Expectativa e descrição
9639;Qualidade
9657;Qualidade
9657;Preço e valor
9667;Desempenho e eficiência
9747;Desempenho e eficiência
9808;Recomendação
9818;Qualidade
9950;Qualidade
15;Uso diário e praticidade
15;Recomendação
131;Qualidade
144;Recomendação
409;Expectativa e descrição
409;Entrega
489;Expectativa e descrição
489;Entrega
656;Desempenho e eficiência
695;Recomendação
1255;Desempenho e eficiência
1276;Qualidade
1276;Preço e valor
1641;Desempenho e eficiência
1665;Qualidade
1673;Qualidade
1673;Preço e valor
2015;Expectativa e descrição
2241;Recomendação
2411;Qualidade
2486;Expectativa e descrição
2486;Entrega
2791;Qualidade
2794;Expectativa e descrição
2977;Qualidade
3027;Expectativa e descrição
3027;Entrega
3046;Desempenho e eficiência
3201;Desempenho e eficiência
3271;Recomendação
3495;Recomendação
3562;Qualidade
3577;Desempenho e eficiência
3672;Qualidade
3672;Preço e valor
3692;Expectativa e descrição
3692;Entrega
3729;Desempenho e eficiência
3733;Qualidade
3855;Recomendação
4085;Qualidade
4098;Uso diário e praticidade
4098;Recomendação
4218;Desempenho e eficiência
4252;Qualidade
4252;Preço e valor
4284;Recomendação
4419;Uso diário e praticidade
4419;Recomendação
4479;Qualidade
4504;Desempenho e eficiência
4513;Qualidade
4513;Preço e valor
4524;Qualidade
4524;Preço e valor
4619;Recomendação
4627;Desempenho e eficiência
4832;Recomendação
4859;Qualidade
4866;Desempenho e eficiência
5104;Uso diário e praticidade
5104;Recomendação
5196;Qualidade
5386;Qualidade
5467;Uso diário e praticidade
5467;Recomendação
5576;Qualidade
5576;Preço e valor
5705;Qualidade
5705;Preço e valor
5845;Qualidade
5908;Qualidade
5952;Qualidade
6142;Recomendação
6147;Qualidade
6181;Desempenho e eficiência
6315;Desempenho e eficiência
6523;Qualidade
6613;Recomendação
6822;Recomendação
7052;Qualidade
7052;Preço e valor
7163;Expectativa e descrição
7163;Entrega
7265;Expectativa e descrição
7402;Recomendação
7779;Recomendação
8204;Desempenho e eficiência
8241;Recomendação
8449;Desempenho e eficiência
8518;Recomendação
8666;Recomendação
8859;Qualidade
9024;Expectativa e descrição
9044;Expectativa e descrição
9285;Expectativa e descrição
9296;Qualidade
9366;Uso diário e praticidade
9366;Recomendação
9386;Qualidade
9391;Expectativa e descrição
9391;Entrega
9517;Recomendação
9528;Expectativa e descrição
9528;Entrega
9570;Qualidade
9708;Recomendação
9791;Recomendação
9839;Desempenho e eficiência
43;Recomendação
50;Expectativa e descrição
126;Desempenho e eficiência
230;Qualidade
233;Qualidade
402;Qualidade
654;Qualidade
654;Preço e valor
698;Qualidade
698;Preço e valor
711;Expectativa e descrição
711;Entrega
736;Qualidade
1081;Desempenho e eficiência
1175;Desempenho e eficiência
1220;Recomendação
1221;Qualidade
1356;Uso diário e praticidade
1356;Recomendação
1422;Recomendação
1423;Recomendação
1637;Uso diário e praticidade
1637;Recomendação
1780;Qualidade
1780;Preço e valor
1802;Expectativa e descrição
1832;Qualidade
1832;Preço e valor
1836;Qualidade
1941;Qualidade
2062;Qualidade
2063;Desempenho e eficiência
2121;Expectativa e descrição
2121;Entrega
2213;Qualidade
2213;Preço e valor
2383;Expectativa e descrição
2426;Expectativa e descrição
2613;Recomendação
2647;Qualidade
2756;Qualidade
2959;Qualidade
2959;Preço e valor
2991;Qualidade
2991;Preço e valor
3029;Qualidade
3055;Qualidade
3100;Uso diário e praticidade
3100;Recomendação
3252;Uso diário e praticidade
3252;Recomendação
3306;Expectativa e descrição
3306;Entrega
3336;Qualidade
3336;Preço e valor
3367;Recomendação
3370;Desempenho e eficiência
3377;Qualidade
3377;Preço e valor
3421;Uso diário e praticidade
3421;Recomendação
3434;Uso diário e praticidade
3434;Recomendação
3532;Qualidade
3532;Preço e valor
3613;Desempenho e eficiência
3660;Desempenho e eficiência
3746;Qualidade
3746;Preço e valor
3830;Qualidade
3830;Preço e valor
3876;Expectativa e descrição
3879;Recomendação
3914;Uso diário e praticidade
3914;Recomendação
3943;Uso diário e praticidade
3943;Recomendação
4070;Desempenho e eficiência
4174;Qualidade
4399;Recomendação
4489;Expectativa e descrição
4523;Desempenho e eficiência
4592;Desempenho e eficiência
4632;Expectativa e descrição
4686;Expectativa e descrição
4686;Entrega
4895;Desempenho e eficiência
4968;Expectativa e descrição
4992;Qualidade
5067;Qualidade
5073;Expectativa e descrição
5073;Entrega
5091;Expectativa e descrição
5130;Desempenho e eficiência
5156;Qualidade
5156;Preço e valor
5320;Expectativa e descrição
5320;Entrega
5365;Desempenho e eficiência
5548;Recomendação
5624;Qualidade
5739;Qualidade
5764;Qualidade
5764;Preço e valor
5807;Qualidade
5852;Expectativa e descrição
5995;Uso diário e praticidade
5995;Recomendação
6177;Qualidade
6177;Preço e valor
6273;Uso diário e praticidade
6273;Recomendação
6287;Recomendação
6348;Desempenho e eficiência
6369;Expectativa e descrição
6369;Entrega
6450;Qualidade
6450;Preço e valor
6541;Recomendação
6564;Qualidade
6564;Preço e valor
6638;Recomendação
6722;Uso diário e praticidade
6722;Recomendação
6734;Desempenho e eficiência
6880;Recomendação
6887;Recomendação
6889;Recomendação
6899;Qualidade
6978;Qualidade
6978;Preço e valor
7121;Qualidade
7123;Qualidade
7152;Qualidade
7152;Preço e valor
7322;Desempenho e eficiência
7367;Desempenho e eficiência
7522;Uso diário e praticidade
7522;Recomendação
7529;Recomendação
7585;Expectativa e descrição
7598;Qualidade
7621;Expectativa e descrição
7621;Entrega
7688;Uso diário e praticidade
7688;Recomendação
7737;Uso diário e praticidade
7737;Recomendação
7804;Desempenho e eficiência
7814;Recomendação
7897;Uso diário e praticidade
7897;Recomendação
7898;Recomendação
7932;Expectativa e descrição
7932;Entrega
7989;Desempenho e eficiência
8080;Expectativa e descrição
8080;Entrega
8188;Desempenho e eficiência
8267;Expectativa e descrição
8267;Entrega
8303;Uso diário e praticidade
8303;Recomendação
8321;Uso diário e praticidade
8321;Recomendação
8383;Qualidade
8474;Expectativa e descrição
8553;Recomendação
8590;Expectativa e descrição
8590;Entrega
8636;Qualidade
8746;Qualidade
8786;Qualidade
8786;Preço e valor
8792;Recomendação
8884;Desempenho e eficiência
8920;Recomendação
9191;Uso diário e praticidade
9191;Recomendação
9378;Expectativa e descrição
9393;Expectativa e descrição
9433;Desempenho e eficiência
9469;Qualidade
9566;Recomendação
9629;Desempenho e eficiência
9729;Expectativa e descrição
9729;Entrega
9798;Qualidade
9814;Desempenho e eficiência
9849;Recomendação
90;Expectativa e descrição
102;Expectativa e descrição
119;Uso diário e praticidade
119;Recomendação
173;Uso diário e praticidade
173;Recomendação
180;Qualidade
238;Qualidade
261;Uso diário e praticidade
261;Recomendação
490;Recomendação
553;Uso diário e praticidade
553;Recomendação
641;Desempenho e eficiência
707;Uso diário e praticidade
707;Recomendação
837;Expectativa e descrição
837;Entrega
891;Uso diário e praticidade
891;Recomendação
943;Expectativa e descrição
943;Entrega
1051;Recomendação
1080;Uso diário e praticidade
1080;Recomendação
1105;Recomendação
1149;Qualidade
1166;Expectativa e descrição
1166;Entrega
1314;Qualidade
1333;Expectativa e descrição
1471;Desempenho e eficiência
1505;Expectativa e descrição
1667;Desempenho e eficiência
1764;Desempenho e eficiência
1858;Uso diário e praticidade
1858;Recomendação
2104;Expectativa e descrição
2122;Qualidade
2163;Qualidade
2186;Expectativa e descrição
2186;Entrega
2227;Uso diário e praticidade
2227;Recomendação
2261;Desempenho e eficiência
2269;Expectativa e descrição
2401;Uso diário e praticidade
2401;Recomendação
2419;Qualidade
2473;Desempenho e eficiência
2510;Expectativa e descrição
2510;Entrega
2576;Qualidade
2593;Expectativa e descrição
2621;Recomendação
2633;Desempenho e eficiência
2660;Recomendação
2677;Desempenho e eficiência
2679;Desempenho e eficiência
2789;Qualidade
2789;Preço e valor
2989;Desempenho e eficiência
2994;Desempenho e eficiência
3009;Uso diário e praticidade
3009;Recomendação
3067;Uso diário e praticidade
3067;Recomendação
3220;Qualidade
3220;Preço e valor
3307;Expectativa e descrição
3309;Recomendação
3374;Recomendação
3681;Expectativa e descrição
3681;Entrega
3790;Recomendação
3805;Qualidade
3850;Recomendação
4223;Expectativa e descrição
4283;Expectativa e descrição
4283;Entrega
4319;Desempenho e eficiência
4467;Desempenho e eficiência
4588;Uso diário e praticidade
4588;Recomendação
4590;Expectativa e descrição
4608;Expectativa e descrição
4626;Recomendação
4644;Recomendação
4784;Expectativa e descrição
4846;Recomendação
4867;Qualidade
4991;Desempenho e eficiência
5035;Desempenho e eficiência
5158;Qualidade
5158;Preço e valor
5268;Qualidade
5315;Qualidade
5315;Preço e valor
5381;Expectativa e descrição
5381;Entrega
5481;Desempenho e eficiência
5507;Qualidade
5538;Expectativa e descrição
5575;Uso diário e praticidade
5575;Recomendação
5595;Desempenho e eficiência
5656;Recomendação
5729;Qualidade
5729;Preço e valor
5810;Qualidade
5830;Qualidade
5830;Preço e valor
5843;Desempenho e eficiência
5844;Desempenho e eficiência
6041;Qualidade
6076;Desempenho e eficiência
6095;Qualidade
6095;Preço e valor
6221;Recomendação
6248;Recomendação
6349;Desempenho e eficiência
6383;Desempenho e eficiência
6420;Uso diário e praticidade
6420;Recomendação
6468;Desempenho e eficiência
6509;Qualidade
6530;Uso diário e praticidade
6530;Recomendação
6655;Qualidade
6706;Qualidade
6760;Desempenho e eficiência
6867;Uso diário e praticidade
6867;Recomendação
6922;Recomendação
6949;Recomendação
7146;Qualidade
7173;Qualidade
7235;Recomendação
7240;Recomendação
7255;Uso diário e praticidade
7255;Recomendação
7358;Recomendação
7474;Qualidade
7475;Uso diário e praticidade
7475;Recomendação
7518;Recomendação
7549;Recomendação
7553;Qualidade
7597;Uso diário e praticidade
7597;Recomendação
7748;Uso diário e praticidade
7748;Recomendação
7771;Qualidade
7771;Preço e valor
7772;Desempenho e eficiência
7907;Expectativa e descrição
7907;Entrega
7969;Recomendação
8057;Recomendação
8131;Qualidade
8131;Preço e valor
8231;Qualidade
8250;Desempenho e eficiência
8263;Qualidade
8345;Qualidade
8490;Uso diário e praticidade
8490;Recomendação
8522;Expectativa e descrição
8522;Entrega
8621;Expectativa e descrição
8647;Desempenho e eficiência
8691;Recomendação
8827;Expectativa e descrição
8924;Expectativa e descrição
8924;Entrega
8959;Expectativa e descrição
8959;Entrega
8975;Qualidade
9140;Recomendação
9183;Desempenho e eficiência
9259;Uso diário e praticidade
9259;Recomendação
9661;Recomendação
9753;Desempenho e eficiência
9883;Uso diário e praticidade
9883;Recomendação
9888;Expectativa e descrição
9888;Entrega
9911;Qualidade
9911;Preço e valor
995;Expectativa e descrição
995;Desempenho e eficiência
2615;Desempenho e eficiência
5459;Desempenho e eficiência
5459;Recomendação
7983;Expectativa e descrição
7983;Desempenho e eficiência
8344;Desempenho e eficiência
9057;Facilidade de uso
348;Expectativa e descrição
348;Recomendação
1421;Recomendação
3711;Expectativa e descrição
4418;Recomendação
4744;Expectativa e descrição
4744;Recomendação
7977;Recomendação
8606;Expectativa e descrição
9064;Recomendação
9160;Expectativa e descrição
9160;Recomendação
1300;Expectativa e descrição
1300;Entrega
2724;Expectativa e descrição
2724;Entrega
7692;Expectativa e descrição
7692;Entrega
7904;Expectativa e descrição
7904;Entrega
8281;Expectativa e descrição
8281;Entrega
9834;Expectativa e descrição
9834;Design
9834;Entrega
1287;Qualidade
1287;Expectativa e descrição
1287;Desempenho e eficiência
2498;Qualidade
2498;Desempenho e eficiência
4570;Qualidade
4570;Desempenho e eficiência
6395;Qualidade
6395;Desempenho e eficiência
6601;Qualidade
6601;Desempenho e eficiência
6601;Recomendação
7058;Qualidade
7058;Desempenho e eficiência
7871;Desempenho e eficiência
9399;Qualidade
9399;Desempenho e eficiência
9201;Facilidade de uso
151;Expectativa e descrição
151;Desempenho e eficiência
947;Qualidade
947;Expectativa e descrição
947;Recomendação
1729;Qualidade
1729;Expectativa e descrição
1967;Expectativa e descrição
1967;Preço e valor
2188;Expectativa e descrição
2477;Expectativa e descrição
4436;Expectativa e descrição
4436;Recomendação
4561;Expectativa e descrição
5424;Expectativa e descrição
7543;Expectativa e descrição
7807;Expectativa e descrição
7807;Recomendação
9537;Expectativa e descrição
1935;Qualidade
1935;Design
1054;Qualidade
1054;Preço e valor
1054;Recomendação
2157;Qualidade
2157;Preço e valor
3069;Preço e valor
4792;Qualidade
4792;Preço e valor
5642;Preço e valor
5642;Recomendação
6669;Qualidade
6669;Preço e valor
6669;Recomendação
7603;Qualidade
7603;Preço e valor
7603;Desempenho e eficiência
7770;Preço e valor
8338;Qualidade
8338;Preço e valor
8338;Recomendação
9612;Qualidade
1798;Recomendação
4993;Desempenho e eficiência
4993;Recomendação
5191;Qualidade
5191;Recomendação
6003;Qualidade
6305;Qualidade
6305;Recomendação
7762;Expectativa e descrição
4366;Desempenho e eficiência
4536;Desempenho e eficiência
4536;Recomendação
4536;Produto básico ou comum
6448;Desempenho e eficiência
6452;Expectativa e descrição
6452;Desempenho e eficiência
6643;Desempenho e eficiência
7062;Desempenho e eficiência
7502;Design
459;Qualidade
459;Design
2891;Expectativa e descrição
3159;Qualidade
5236;Qualidade
5524;Qualidade
5765;Expectativa e descrição
6598;Qualidade
6598;Recomendação
7132;Qualidade
7132;Expectativa e descrição
8702;Qualidade
9071;Desempenho e eficiência
9071;Facilidade de uso
9071;Recomendação
748;Uso diário e praticidade
748;Recomendação
801;Uso diário e praticidade
801;Recomendação
897;Uso diário e praticidade
1238;Facilidade de uso
1238;Uso diário e praticidade
3900;Uso diário e praticidade
3900;Recomendação
4649;Uso diário e praticidade
4649;Recomendação
5696;Desempenho e eficiência
5696;Uso diário e praticidade
6223;Uso diário e praticidade
6223;Recomendação
7135;Uso diário e praticidade
7135;Recomendação
7698;Uso diário e praticidade
7698;Recomendação
207;Qualidade
217;Qualidade
234;Desempenho e eficiência
260;Recomendação
343;Recomendação
377;Qualidade
515;Recomendação
746;Expectativa e descrição
764;Desempenho e eficiência
925;Expectativa e descrição
925;Entrega
1073;Recomendação
1077;Recomendação
1192;Desempenho e eficiência
1283;Desempenho e eficiência
1305;Qualidade
1319;Recomendação
1388;Uso diário e praticidade
1388;Recomendação
1412;Qualidade
1412;Preço e valor
1689;Desempenho e eficiência
1692;Qualidade
1708;Qualidade
1869;Desempenho e eficiência
1873;Qualidade
1917;Recomendação
1936;Qualidade
1936;Preço e valor
1981;Uso diário e praticidade
1981;Recomendação
1988;Desempenho e eficiência
2083;Expectativa e descrição
2091;Qualidade
2191;Uso diário e praticidade
2191;Recomendação
2244;Qualidade
2244;Preço e valor
2316;Desempenho e eficiência
2346;Desempenho e eficiência
2385;Recomendação
2488;Expectativa e descrição
2592;Recomendação
2698;Recomendação
2847;Qualidade
2847;Preço e valor
2992;Qualidade
3398;Qualidade
3398;Preço e valor
3501;Qualidade
3510;Expectativa e descrição
3510;Entrega
3545;Qualidade
3575;Expectativa e descrição
3604;Desempenho e eficiência
3615;Desempenho e eficiência
3627;Recomendação
3658;Desempenho e eficiência
3767;Qualidade
3824;Recomendação
3915;Desempenho e eficiência
3920;Qualidade
4268;Expectativa e descrição
4290;Recomendação
4379;Recomendação
4417;Recomendação
4463;Expectativa e descrição
4463;Entrega
4475;Expectativa e descrição
4587;Expectativa e descrição
4643;Desempenho e eficiência
4724;Expectativa e descrição
4807;Recomendação
4814;Qualidade
4814;Preço e valor
4825;Desempenho e eficiência
4871;Desempenho e eficiência
4908;Qualidade
4908;Preço e valor
4984;Qualidade
4984;Preço e valor
5036;Qualidade
5036;Preço e valor
5060;Recomendação
5115;Expectativa e descrição
5115;Entrega
5198;Desempenho e eficiência
5218;Qualidade
5298;Qualidade
5326;Expectativa e descrição
5371;Expectativa e descrição
5438;Desempenho e eficiência
5522;Expectativa e descrição
5539;Qualidade
5539;Preço e valor
5553;Recomendação
5580;Desempenho e eficiência
5612;Expectativa e descrição
5612;Entrega
5636;Expectativa e descrição
5636;Entrega
5640;Qualidade
5640;Preço e valor
5660;Expectativa e descrição
5692;Desempenho e eficiência
5734;Desempenho e eficiência
5828;Desempenho e eficiência
5880;Desempenho e eficiência
5895;Expectativa e descrição
5997;Uso diário e praticidade
5997;Recomendação
6091;Qualidade
6109;Expectativa e descrição
6345;Uso diário e praticidade
6345;Recomendação
6425;Expectativa e descrição
6459;Qualidade
6459;Preço e valor
6497;Uso diário e praticidade
6497;Recomendação
6559;Desempenho e eficiência
6584;Desempenho e eficiência
6640;Qualidade
6703;Recomendação
6714;Expectativa e descrição
6714;Entrega
6791;Qualidade
6961;Qualidade
6961;Preço e valor
6967;Desempenho e eficiência
7098;Recomendação
7252;Expectativa e descrição
7252;Entrega
7315;Uso diário e praticidade
7315;Recomendação
7360;Expectativa e descrição
7689;Recomendação
7711;Recomendação
7733;Qualidade
7862;Qualidade
8018;Qualidade
8035;Qualidade
8035;Preço e valor
8081;Recomendação
8112;Recomendação
8130;Qualidade
8186;Recomendação
8291;Qualidade
8307;Expectativa e descrição
8307;Entrega
8372;Desempenho e eficiência
8373;Qualidade
8540;Desempenho e eficiência
8564;Recomendação
8574;Qualidade
8677;Expectativa e descrição
8703;Recomendação
8714;Uso diário e praticidade
8714;Recomendação
8775;Desempenho e eficiência
9039;Qualidade
9114;Desempenho e eficiência
9262;Expectativa e descrição
9275;Expectativa e descrição
9461;Recomendação
9521;Desempenho e eficiência
9619;Desempenho e eficiência
9679;Recomendação
9817;Uso diário e praticidade
9817;Recomendação
9842;Qualidade
9842;Preço e valor
9960;Qualidade
7;Qualidade
29;Desempenho e eficiência
76;Desempenho e eficiência
253;Expectativa e descrição
253;Entrega
379;Recomendação
593;Qualidade
705;Desempenho e eficiência
775;Qualidade
781;Qualidade
790;Recomendação
899;Desempenho e eficiência
906;Recomendação
1109;Recomendação
1185;Recomendação
1234;Recomendação
1302;Uso diário e praticidade
1302;Recomendação
1425;Desempenho e eficiência
1467;Qualidade
1467;Preço e valor
1538;Expectativa e descrição
1584;Desempenho e eficiência
1683;Qualidade
1683;Preço e valor
1691;Expectativa e descrição
1691;Entrega
1720;Qualidade
1720;Preço e valor
1820;Recomendação
1830;Desempenho e eficiência
1895;Qualidade
1895;Preço e valor
1899;Recomendação
1904;Desempenho e eficiência
1937;Qualidade
1954;Qualidade
1974;Desempenho e eficiência
2036;Expectativa e descrição
2205;Uso diário e praticidade
2205;Recomendação
2240;Expectativa e descrição
2240;Entrega
2308;Uso diário e praticidade
2308;Recomendação
2312;Uso diário e praticidade
2312;Recomendação
2340;Qualidade
2348;Uso diário e praticidade
2348;Recomendação
2421;Desempenho e eficiência
2561;Recomendação
2566;Desempenho e eficiência
2575;Expectativa e descrição
2618;Expectativa e descrição
2618;Entrega
2782;Recomendação
2810;Uso diário e praticidade
2810;Recomendação
2822;Desempenho e eficiência
2916;Desempenho e eficiência
3157;Qualidade
3157;Preço e valor
3162;Qualidade
3162;Preço e valor
3226;Desempenho e eficiência
3279;Qualidade
3342;Qualidade
3382;Uso diário e praticidade
3382;Recomendação
3414;Recomendação
3499;Qualidade
3499;Preço e valor
3500;Desempenho e eficiência
3536;Recomendação
3541;Recomendação
3626;Desempenho e eficiência
3783;Desempenho e eficiência
3859;Desempenho e eficiência
3950;Recomendação
3953;Expectativa e descrição
4099;Expectativa e descrição
4266;Recomendação
4267;Uso diário e praticidade
4267;Recomendação
4279;Expectativa e descrição
4279;Entrega
4288;Qualidade
4320;Desempenho e eficiência
4370;Recomendação
4640;Expectativa e descrição
4713;Expectativa e descrição
4872;Desempenho e eficiência
4886;Recomendação
4917;Qualidade
4974;Recomendação
4990;Qualidade
5009;Recomendação
5221;Desempenho e eficiência
5286;Uso diário e praticidade
5286;Recomendação
5347;Qualidade
5416;Desempenho e eficiência
5478;Qualidade
5593;Recomendação
5712;Recomendação
5722;Recomendação
5742;Recomendação
5834;Qualidade
5846;Qualidade
5855;Qualidade
5925;Expectativa e descrição
5925;Entrega
6193;Desempenho e eficiência
6322;Expectativa e descrição
6322;Entrega
6404;Qualidade
6430;Desempenho e eficiência
6434;Recomendação
6485;Qualidade
6485;Preço e valor
6551;Desempenho e eficiência
6572;Uso diário e praticidade
6572;Recomendação
6779;Qualidade
6808;Uso diário e praticidade
6808;Recomendação
6912;Recomendação
7048;Desempenho e eficiência
7075;Recomendação
7127;Desempenho e eficiência
7568;Recomendação
7802;Recomendação
7821;Qualidade
7947;Qualidade
7972;Expectativa e descrição
7972;Entrega
8033;Expectativa e descrição
8055;Qualidade
8184;Recomendação
8336;Recomendação
8442;Recomendação
8492;Expectativa e descrição
8530;Recomendação
8572;Expectativa e descrição
8572;Entrega
8687;Qualidade
8687;Preço e valor
8710;Qualidade
8805;Desempenho e eficiência
8908;Expectativa e descrição
8928;Desempenho e eficiência
8941;Expectativa e descrição
8986;Expectativa e descrição
8986;Entrega
9008;Qualidade
9126;Recomendação
9240;Qualidade
9240;Preço e valor
9357;Qualidade
9395;Qualidade
9423;Qualidade
9599;Recomendação
9727;Qualidade
9727;Preço e valor
9904;Qualidade
9994;Expectativa e descrição
112;Expectativa e descrição
189;Qualidade
192;Expectativa e descrição
338;Qualidade
412;Desempenho e eficiência
543;Desempenho e eficiência
647;Expectativa e descrição
647;Entrega
676;Qualidade
832;Desempenho e eficiência
870;Qualidade
944;Desempenho e eficiência
963;Qualidade
1142;Expectativa e descrição
1156;Expectativa e descrição
1156;Entrega
1187;Desempenho e eficiência
1268;Recomendação
1269;Desempenho e eficiência
1301;Desempenho e eficiência
1404;Expectativa e descrição
1404;Entrega
1504;Expectativa e descrição
1508;Uso diário e praticidade
1508;Recomendação
1575;Qualidade
1623;Desempenho e eficiência
1642;Qualidade
1693;Recomendação
1717;Qualidade
1743;Expectativa e descrição
1743;Entrega
1746;Desempenho e eficiência
1787;Expectativa e descrição
1838;Recomendação
1931;Qualidade
1931;Preço e valor
1997;Desempenho e eficiência
2079;Qualidade
2209;Expectativa e descrição
2209;Entrega
2360;Desempenho e eficiência
2469;Recomendação
2504;Desempenho e eficiência
2519;Qualidade
2579;Uso diário e praticidade
2579;Recomendação
2581;Qualidade
2727;Qualidade
2774;Qualidade
2912;Desempenho e eficiência
2931;Recomendação
3079;Expectativa e descrição
3190;Expectativa e descrição
3190;Entrega
3417;Uso diário e praticidade
3417;Recomendação
3430;Desempenho e eficiência
3452;Uso diário e praticidade
3452;Recomendação
3511;Expectativa e descrição
3556;Desempenho e eficiência
3693;Expectativa e descrição
3693;Entrega
3784;Qualidade
3810;Desempenho e eficiência
3841;Expectativa e descrição
3841;Entrega
4000;Qualidade
4000;Preço e valor
4017;Desempenho e eficiência
4073;Recomendação
4092;Qualidade
4189;Recomendação
4211;Recomendação
4240;Recomendação
4257;Recomendação
4305;Qualidade
4390;Qualidade
4441;Recomendação
4456;Recomendação
4716;Uso diário e praticidade
4716;Recomendação
4916;Recomendação
4940;Uso diário e praticidade
4940;Recomendação
5011;Desempenho e eficiência
5223;Uso diário e praticidade
5223;Recomendação
5251;Expectativa e descrição
5491;Expectativa e descrição
5491;Entrega
5531;Recomendação
5560;Qualidade
5691;Recomendação
5784;Recomendação
5912;Expectativa e descrição
5916;Expectativa e descrição
5983;Recomendação
5994;Desempenho e eficiência
6116;Uso diário e praticidade
6116;Recomendação
6161;Expectativa e descrição
6199;Recomendação
6275;Recomendação
6363;Qualidade
6363;Preço e valor
6364;Uso diário e praticidade
6364;Recomendação
6393;Qualidade
6441;Qualidade
6441;Preço e valor
6442;Expectativa e descrição
6442;Entrega
6521;Qualidade
6645;Qualidade
6758;Recomendação
6937;Expectativa e descrição
6947;Qualidade
6947;Preço e valor
7136;Recomendação
7208;Desempenho e eficiência
7246;Expectativa e descrição
7292;Desempenho e eficiência
7409;Desempenho e eficiência
7445;Qualidade
7445;Preço e valor
7769;Qualidade
7769;Preço e valor
7840;Recomendação
7948;Recomendação
8219;Expectativa e descrição
8219;Entrega
8249;Recomendação
8287;Recomendação
8402;Uso diário e praticidade
8402;Recomendação
8444;Recomendação
8610;Qualidade
8727;Expectativa e descrição
8727;Entrega
8752;Recomendação
8845;Recomendação
8868;Qualidade
8868;Preço e valor
8909;Desempenho e eficiência
8927;Recomendação
9379;Expectativa e descrição
9379;Entrega
9421;Qualidade
9458;Qualidade
9505;Desempenho e eficiência
9586;Uso diário e praticidade
9586;Recomendação
9614;Recomendação
9713;Uso diário e praticidade
9713;Recomendação
9774;Recomendação
9868;Uso diário e praticidade
9868;Recomendação
9892;Recomendação
9914;Qualidade
9914;Preço e valor
9922;Desempenho e eficiência
9931;Recomendação
9933;Uso diário e praticidade
9933;Recomendação
9966;Desempenho e eficiência
37;Expectativa e descrição
37;Entrega
100;Desempenho e eficiência
169;Recomendação
446;Qualidade
446;Preço e valor
541;Recomendação
548;Qualidade
677;Expectativa e descrição
737;Qualidade
753;Desempenho e eficiência
819;Qualidade
955;Expectativa e descrição
955;Entrega
1036;Qualidade
1078;Qualidade
1135;Expectativa e descrição
1154;Qualidade
1154;Preço e valor
1251;Recomendação
1266;Desempenho e eficiência
1379;Recomendação
1444;Recomendação
1484;Uso diário e praticidade
1484;Recomendação
1526;Uso diário e praticidade
1526;Recomendação
1550;Uso diário e praticidade
1550;Recomendação
1625;Uso diário e praticidade
1625;Recomendação
1659;Qualidade
1868;Qualidade
1876;Recomendação
1885;Uso diário e praticidade
1885;Recomendação
1944;Qualidade
2016;Expectativa e descrição
2016;Entrega
2054;Recomendação
2080;Qualidade
2080;Preço e valor
2092;Uso diário e praticidade
2092;Recomendação
2110;Recomendação
2295;Qualidade
2295;Preço e valor
2384;Desempenho e eficiência
2534;Qualidade
2534;Preço e valor
2585;Qualidade
2601;Recomendação
2748;Expectativa e descrição
2846;Recomendação
2894;Qualidade
2894;Preço e valor
3082;Expectativa e descrição
3103;Desempenho e eficiência
3166;Qualidade
3246;Qualidade
3246;Preço e valor
3328;Qualidade
3332;Uso diário e praticidade
3332;Recomendação
3612;Expectativa e descrição
3612;Entrega
3624;Qualidade
3640;Recomendação
3646;Uso diário e praticidade
3646;Recomendação
3684;Desempenho e eficiência
3889;Qualidade
3941;Recomendação
3999;Expectativa e descrição
4195;Recomendação
4625;Desempenho e eficiência
4657;Expectativa e descrição
4657;Entrega
4707;Recomendação
4728;Qualidade
4766;Qualidade
4786;Qualidade
5523;Qualidade
5607;Recomendação
5650;Desempenho e eficiência
5672;Uso diário e praticidade
5672;Recomendação
5685;Qualidade
5727;Desempenho e eficiência
5823;Qualidade
5823;Preço e valor
5829;Qualidade
5873;Qualidade
5972;Recomendação
6022;Qualidade
6022;Preço e valor
6084;Qualidade
6084;Preço e valor
6092;Expectativa e descrição
6092;Entrega
6133;Expectativa e descrição
6159;Qualidade
6159;Preço e valor
6341;Recomendação
6407;Qualidade
6447;Recomendação
6475;Desempenho e eficiência
6487;Expectativa e descrição
6501;Qualidade
6501;Preço e valor
6556;Recomendação
6606;Recomendação
6619;Uso diário e praticidade
6619;Recomendação
6858;Recomendação
6876;Qualidade
6910;Expectativa e descrição
6910;Entrega
6972;Recomendação
6995;Qualidade
7028;Recomendação
7351;Qualidade
7352;Expectativa e descrição
7352;Entrega
7389;Expectativa e descrição
7389;Entrega
7391;Uso diário e praticidade
7391;Recomendação
7428;Expectativa e descrição
7428;Entrega
7551;Desempenho e eficiência
7656;Recomendação
7758;Desempenho e eficiência
7858;Desempenho e eficiência
7872;Desempenho e eficiência
8090;Qualidade
8182;Expectativa e descrição
8182;Entrega
8193;Uso diário e praticidade
8193;Recomendação
8207;Qualidade
8207;Preço e valor
8232;Expectativa e descrição
8401;Desempenho e eficiência
8404;Recomendação
8422;Qualidade
8485;Expectativa e descrição
8521;Qualidade
8521;Preço e valor
8529;Qualidade
8529;Preço e valor
8661;Qualidade
8661;Preço e valor
8698;Recomendação
8818;Uso diário e praticidade
8818;Recomendação
8911;Qualidade
8954;Recomendação
8964;Recomendação
9033;Desempenho e eficiência
9077;Desempenho e eficiência
9131;Desempenho e eficiência
9175;Uso diário e praticidade
9175;Recomendação
9180;Expectativa e descrição
9435;Qualidade
9645;Recomendação
9731;Qualidade
9731;Preço e valor
9744;Qualidade
9781;Expectativa e descrição
9781;Entrega
9885;Recomendação
54;Expectativa e descrição
54;Entrega
140;Desempenho e eficiência
201;Desempenho e eficiência
269;Qualidade
289;Qualidade
289;Preço e valor
297;Recomendação
425;Qualidade
425;Preço e valor
536;Expectativa e descrição
536;Entrega
587;Qualidade
629;Desempenho e eficiência
687;Recomendação
863;Uso diário e praticidade
863;Recomendação
869;Recomendação
923;Desempenho e eficiência
952;Desempenho e eficiência
1072;Uso diário e praticidade
1072;Recomendação
1079;Qualidade
1088;Qualidade
1099;Recomendação
1216;Recomendação
1369;Recomendação
1437;Qualidade
1437;Preço e valor
1439;Desempenho e eficiência
1455;Qualidade
1647;Recomendação
1648;Recomendação
1680;Recomendação
1748;Recomendação
1749;Qualidade
1749;Preço e valor
1795;Uso diário e praticidade
1795;Recomendação
1844;Recomendação
1976;Qualidade
2018;Expectativa e descrição
2018;Entrega
2020;Expectativa e descrição
2102;Qualidade
2102;Preço e valor
2268;Qualidade
2329;Recomendação
2353;Uso diário e praticidade
2353;Recomendação
2689;Desempenho e eficiência
2752;Qualidade
2828;Expectativa e descrição
2836;Expectativa e descrição
2836;Entrega
3026;Recomendação
3037;Recomendação
3364;Qualidade
3494;Expectativa e descrição
3494;Entrega
3708;Desempenho e eficiência
3828;Recomendação
4022;Expectativa e descrição
4022;Entrega
4106;Qualidade
4206;Expectativa e descrição
4206;Entrega
4376;Recomendação
4577;Expectativa e descrição
4586;Desempenho e eficiência
4598;Desempenho e eficiência
4599;Recomendação
4750;Desempenho e eficiência
4958;Recomendação
5028;Expectativa e descrição
5028;Entrega
5042;Desempenho e eficiência
5048;Expectativa e descrição
5134;Desempenho e eficiência
5137;Uso diário e praticidade
5137;Recomendação
5188;Desempenho e eficiência
5250;Qualidade
5400;Recomendação
5583;Recomendação
5603;Desempenho e eficiência
5619;Desempenho e eficiência
5621;Expectativa e descrição
5719;Desempenho e eficiência
5756;Desempenho e eficiência
5761;Qualidade
5761;Preço e valor
5824;Expectativa e descrição
6044;Uso diário e praticidade
6044;Recomendação
6059;Recomendação
6075;Expectativa e descrição
6075;Entrega
6104;Expectativa e descrição
6104;Entrega
6174;Qualidade
6174;Preço e valor
6302;Expectativa e descrição
6372;Uso diário e praticidade
6372;Recomendação
6377;Desempenho e eficiência
6405;Expectativa e descrição
6457;Desempenho e eficiência
6488;Qualidade
6516;Expectativa e descrição
6557;Recomendação
6600;Uso diário e praticidade
6600;Recomendação
6651;Qualidade
6671;Desempenho e eficiência
6761;Qualidade
6761;Preço e valor
6861;Recomendação
6982;Qualidade
7102;Desempenho e eficiência
7118;Qualidade
7145;Desempenho e eficiência
7287;Recomendação
7296;Recomendação
7320;Recomendação
7386;Expectativa e descrição
7386;Entrega
7468;Recomendação
7496;Uso diário e praticidade
7496;Recomendação
7535;Desempenho e eficiência
7561;Desempenho e eficiência
7654;Qualidade
7716;Qualidade
7716;Preço e valor
7797;Qualidade
8042;Desempenho e eficiência
8051;Desempenho e eficiência
8052;Qualidade
8116;Expectativa e descrição
8116;Entrega
8146;Expectativa e descrição
8235;Expectativa e descrição
8245;Qualidade
8323;Qualidade
8326;Uso diário e praticidade
8326;Recomendação
8549;Desempenho e eficiência
8662;Recomendação
8678;Qualidade
8803;Expectativa e descrição
8803;Entrega
8906;Expectativa e descrição
9068;Desempenho e eficiência
9105;Expectativa e descrição
9105;Entrega
9151;Uso diário e praticidade
9151;Recomendação
9176;Desempenho e eficiência
9215;Recomendação
9242;Desempenho e eficiência
9365;Qualidade
9431;Qualidade
9482;Recomendação
9499;Expectativa e descrição
9499;Entrega
9503;Recomendação
9509;Desempenho e eficiência
9600;Desempenho e eficiência
9605;Expectativa e descrição
9605;Entrega
9652;Recomendação
9699;Desempenho e eficiência
9722;Uso diário e praticidade
9722;Recomendação
9740;Qualidade
9740;Preço e valor
9768;Uso diário e praticidade
9768;Recomendação
9772;Desempenho e eficiência
9824;Desempenho e eficiência
9915;Uso diário e praticidade
9915;Recomendação
9988;Expectativa e descrição
24;Qualidade
24;Preço e valor
148;Qualidade
148;Preço e valor
266;Desempenho e eficiência
349;Recomendação
355;Qualidade
363;Recomendação
368;Expectativa e descrição
368;Entrega
393;Recomendação
552;Expectativa e descrição
552;Entrega
728;Qualidade
1026;Desempenho e eficiência
1058;Qualidade
1058;Preço e valor
1121;Uso diário e praticidade
1121;Recomendação
1203;Qualidade
1203;Preço e valor
1297;Qualidade
1349;Desempenho e eficiência
1461;Desempenho e eficiência
1564;Uso diário e praticidade
1564;Recomendação
1569;Desempenho e eficiência
1590;Qualidade
1590;Preço e valor
1626;Expectativa e descrição
1626;Entrega
1759;Desempenho e eficiência
1792;Qualidade
1835;Expectativa e descrição
1870;Recomendação
1894;Expectativa e descrição
1894;Entrega
1906;Recomendação
2086;Expectativa e descrição
2134;Expectativa e descrição
2134;Entrega
2140;Expectativa e descrição
2140;Entrega
2218;Expectativa e descrição
2284;Qualidade
2356;Expectativa e descrição
2356;Entrega
2517;Qualidade
2554;Expectativa e descrição
2606;Qualidade
2606;Preço e valor
2656;Recomendação
2701;Expectativa e descrição
2701;Entrega
2835;Desempenho e eficiência
2860;Expectativa e descrição
3135;Expectativa e descrição
3135;Entrega
3208;Expectativa e descrição
3375;Uso diário e praticidade
3375;Recomendação
3376;Qualidade
3376;Preço e valor
3459;Desempenho e eficiência
3502;Uso diário e praticidade
3502;Recomendação
3515;Uso diário e praticidade
3515;Recomendação
3543;Qualidade
3578;Recomendação
3687;Qualidade
3687;Preço e valor
3713;Qualidade
3827;Qualidade
3827;Preço e valor
3847;Uso diário e praticidade
3847;Recomendação
3952;Desempenho e eficiência
4001;Expectativa e descrição
4004;Desempenho e eficiência
4044;Recomendação
4230;Desempenho e eficiência
4289;Desempenho e eficiência
4325;Uso diário e praticidade
4325;Recomendação
4351;Recomendação
4429;Qualidade
4429;Preço e valor
4450;Recomendação
4533;Recomendação
4602;Recomendação
4830;Uso diário e praticidade
4830;Recomendação
4966;Desempenho e eficiência
5024;Uso diário e praticidade
5024;Recomendação
5214;Qualidade
5244;Expectativa e descrição
5269;Qualidade
5269;Preço e valor
5297;Uso diário e praticidade
5297;Recomendação
5342;Expectativa e descrição
5521;Recomendação
5540;Qualidade
5540;Preço e valor
5547;Desempenho e eficiência
5747;Expectativa e descrição
5813;Desempenho e eficiência
5858;Recomendação
5922;Qualidade
5922;Preço e valor
6067;Desempenho e eficiência
6072;Desempenho e eficiência
6117;Uso diário e praticidade
6117;Recomendação
6255;Qualidade
6409;Recomendação
6489;Desempenho e eficiência
6491;Recomendação
6562;Recomendação
6617;Qualidade
6617;Preço e valor
6766;Expectativa e descrição
6766;Entrega
6815;Recomendação
6957;Qualidade
7398;Expectativa e descrição
7398;Entrega
7454;Desempenho e eficiência
7471;Uso diário e praticidade
7471;Recomendação
7519;Qualidade
7631;Recomendação
7728;Recomendação
7877;Desempenho e eficiência
7881;Uso diário e praticidade
7881;Recomendação
7894;Qualidade
7899;Desempenho e eficiência
8037;Recomendação
8190;Qualidade
8259;Desempenho e eficiência
8270;Expectativa e descrição
8279;Expectativa e descrição
8279;Entrega
8439;Qualidade
8537;Qualidade
8692;Qualidade
8692;Preço e valor
8832;Recomendação
8839;Desempenho e eficiência
8857;Qualidade
8866;Recomendação
8914;Expectativa e descrição
8917;Expectativa e descrição
8917;Entrega
8947;Uso diário e praticidade
8947;Recomendação
9143;Desempenho e eficiência
9208;Recomendação
9283;Qualidade
9479;Desempenho e eficiência
9584;Qualidade
9625;Recomendação
9871;Desempenho e eficiência
14;Desempenho e eficiência
23;Uso diário e praticidade
23;Recomendação
84;Uso diário e praticidade
84;Recomendação
205;Recomendação
311;Uso diário e praticidade
311;Recomendação
333;Uso diário e praticidade
333;Recomendação
370;Desempenho e eficiência
401;Expectativa e descrição
401;Entrega
416;Qualidade
416;Preço e valor
464;Recomendação
635;Desempenho e eficiência
674;Qualidade
797;Expectativa e descrição
797;Entrega
836;Recomendação
932;Qualidade
932;Preço e valor
1174;Desempenho e eficiência
1208;Expectativa e descrição
1261;Uso diário e praticidade
1261;Recomendação
1265;Qualidade
1272;Recomendação
1282;Expectativa e descrição
1282;Entrega
1336;Recomendação
1352;Expectativa e descrição
1409;Uso diário e praticidade
1409;Recomendação
1431;Qualidade
1457;Qualidade
1457;Preço e valor
1499;Expectativa e descrição
1511;Qualidade
1559;Qualidade
1617;Recomendação
1634;Expectativa e descrição
1782;Desempenho e eficiência
1943;Expectativa e descrição
2097;Recomendação
2129;Expectativa e descrição
2129;Entrega
2151;Qualidade
2151;Preço e valor
2342;Recomendação
2343;Desempenho e eficiência
2436;Expectativa e descrição
2436;Entrega
2453;Desempenho e eficiência
2522;Expectativa e descrição
2540;Qualidade
2598;Desempenho e eficiência
3068;Qualidade
3068;Preço e valor
3074;Qualidade
3074;Preço e valor
3087;Uso diário e praticidade
3087;Recomendação
3089;Expectativa e descrição
3089;Entrega
3101;Qualidade
3109;Desempenho e eficiência
3167;Expectativa e descrição
3172;Qualidade
3233;Qualidade
3233;Preço e valor
3351;Qualidade
3388;Qualidade
3477;Qualidade
3587;Expectativa e descrição
3591;Expectativa e descrição
3591;Entrega
3821;Desempenho e eficiência
3909;Recomendação
4013;Desempenho e eficiência
4185;Expectativa e descrição
4185;Entrega
4228;Desempenho e eficiência
4275;Uso diário e praticidade
4275;Recomendação
4527;Qualidade
4708;Recomendação
4799;Expectativa e descrição
5019;Qualidade
5019;Preço e valor
5142;Qualidade
5147;Desempenho e eficiência
5312;Uso diário e praticidade
5312;Recomendação
5453;Recomendação
5496;Qualidade
5496;Preço e valor
5599;Qualidade
5781;Desempenho e eficiência
5878;Qualidade
5878;Preço e valor
5914;Qualidade
5914;Preço e valor
6004;Qualidade
6004;Preço e valor
6038;Uso diário e praticidade
6038;Recomendação
6262;Recomendação
6267;Qualidade
6279;Uso diário e praticidade
6279;Recomendação
6367;Expectativa e descrição
6367;Entrega
6385;Expectativa e descrição
6421;Desempenho e eficiência
6528;Qualidade
6528;Preço e valor
6663;Recomendação
6667;Recomendação
6711;Qualidade
6711;Preço e valor
6773;Desempenho e eficiência
6838;Qualidade
6907;Desempenho e eficiência
6974;Expectativa e descrição
6974;Entrega
7042;Uso diário e praticidade
7042;Recomendação
7318;Qualidade
7339;Expectativa e descrição
7353;Expectativa e descrição
7415;Recomendação
7499;Uso diário e praticidade
7499;Recomendação
7547;Qualidade
7552;Expectativa e descrição
7591;Recomendação
7625;Expectativa e descrição
7625;Entrega
7649;Recomendação
7743;Expectativa e descrição
7743;Entrega
7803;Recomendação
7929;Recomendação
7961;Uso diário e praticidade
7961;Recomendação
7971;Qualidade
7974;Uso diário e praticidade
7974;Recomendação
7975;Uso diário e praticidade
7975;Recomendação
8000;Recomendação
8067;Desempenho e eficiência
8084;Desempenho e eficiência
8369;Expectativa e descrição
8427;Desempenho e eficiência
8467;Qualidade
8467;Preço e valor
8472;Expectativa e descrição
8583;Expectativa e descrição
8615;Desempenho e eficiência
8700;Expectativa e descrição
8861;Expectativa e descrição
8861;Entrega
8893;Qualidade
8893;Preço e valor
9027;Qualidade
9222;Expectativa e descrição
9222;Entrega
9241;Desempenho e eficiência
9264;Qualidade
9381;Expectativa e descrição
9398;Expectativa e descrição
9398;Entrega
9647;Desempenho e eficiência
9735;Desempenho e eficiência
9755;Expectativa e descrição
9755;Entrega
9822;Qualidade
9850;Qualidade
9850;Preço e valor
9874;Expectativa e descrição
9874;Entrega
5;Recomendação
11;Recomendação
137;Desempenho e eficiência
162;Recomendação
278;Desempenho e eficiência
279;Recomendação
309;Uso diário e praticidade
309;Recomendação
378;Uso diário e praticidade
378;Recomendação
460;Uso diário e praticidade
460;Recomendação
590;Expectativa e descrição
590;Entrega
618;Qualidade
643;Qualidade
722;Desempenho e eficiência
742;Qualidade
761;Uso diário e praticidade
761;Recomendação
811;Qualidade
811;Preço e valor
967;Desempenho e eficiência
1100;Qualidade
1435;Uso diário e praticidade
1435;Recomendação
1462;Recomendação
1512;Expectativa e descrição
1512;Entrega
1562;Desempenho e eficiência
1778;Expectativa e descrição
1778;Entrega
1803;Desempenho e eficiência
1968;Expectativa e descrição
2028;Qualidade
2028;Preço e valor
2037;Expectativa e descrição
2037;Entrega
2053;Qualidade
2068;Desempenho e eficiência
2289;Qualidade
2289;Preço e valor
2398;Expectativa e descrição
2398;Entrega
2423;Desempenho e eficiência
2530;Qualidade
2619;Desempenho e eficiência
2632;Recomendação
2635;Expectativa e descrição
2635;Entrega
2798;Recomendação
2923;Desempenho e eficiência
2924;Qualidade
2961;Qualidade
3160;Uso diário e praticidade
3160;Recomendação
3257;Desempenho e eficiência
3353;Uso diário e praticidade
3353;Recomendação
3365;Recomendação
3451;Desempenho e eficiência
3468;Desempenho e eficiência
3773;Qualidade
3931;Expectativa e descrição
4045;Expectativa e descrição
4045;Entrega
4122;Expectativa e descrição
4122;Entrega
4131;Qualidade
4154;Uso diário e praticidade
4154;Recomendação
4176;Recomendação
4204;Qualidade
4204;Preço e valor
4224;Uso diário e praticidade
4224;Recomendação
4247;Qualidade
4247;Preço e valor
4261;Expectativa e descrição
4261;Entrega
4264;Recomendação
4307;Recomendação
4348;Qualidade
4445;Recomendação
4464;Recomendação
4496;Qualidade
4560;Uso diário e praticidade
4560;Recomendação
4742;Recomendação
4768;Recomendação
4770;Recomendação
4997;Recomendação
5107;Qualidade
5107;Preço e valor
5181;Qualidade
5190;Recomendação
5200;Desempenho e eficiência
5225;Uso diário e praticidade
5225;Recomendação
5230;Qualidade
5327;Qualidade
5534;Desempenho e eficiência
5600;Uso diário e praticidade
5600;Recomendação
5662;Expectativa e descrição
5662;Entrega
5856;Desempenho e eficiência
5896;Qualidade
5896;Preço e valor
5998;Recomendação
6018;Expectativa e descrição
6086;Qualidade
6087;Recomendação
6139;Qualidade
6139;Preço e valor
6212;Qualidade
6212;Preço e valor
6224;Recomendação
6261;Qualidade
6318;Qualidade
6449;Recomendação
6503;Qualidade
6503;Preço e valor
6531;Expectativa e descrição
6531;Entrega
6561;Recomendação
6582;Desempenho e eficiência
6704;Expectativa e descrição
6724;Expectativa e descrição
6724;Entrega
6784;Uso diário e praticidade
6784;Recomendação
6796;Desempenho e eficiência
6801;Desempenho e eficiência
6886;Recomendação
6898;Qualidade
6898;Preço e valor
6981;Expectativa e descrição
7033;Desempenho e eficiência
7069;Recomendação
7091;Qualidade
7178;Expectativa e descrição
7178;Entrega
7218;Qualidade
7218;Preço e valor
7421;Qualidade
7422;Qualidade
7422;Preço e valor
7490;Qualidade
7745;Desempenho e eficiência
7746;Expectativa e descrição
7782;Qualidade
7782;Preço e valor
7857;Desempenho e eficiência
8111;Qualidade
8111;Preço e valor
8206;Expectativa e descrição
8206;Entrega
8322;Desempenho e eficiência
8324;Uso diário e praticidade
8324;Recomendação
8392;Desempenho e eficiência
8395;Qualidade
8459;Desempenho e eficiência
8528;Qualidade
8528;Preço e valor
8550;Recomendação
8612;Qualidade
8632;Qualidade
8659;Desempenho e eficiência
8685;Qualidade
8939;Desempenho e eficiência
8940;Qualidade
8940;Preço e valor
9047;Recomendação
9141;Uso diário e praticidade
9141;Recomendação
9282;Uso diário e praticidade
9282;Recomendação
9480;Expectativa e descrição
9480;Entrega
9540;Expectativa e descrição
9540;Entrega
9618;Expectativa e descrição
9648;Desempenho e eficiência
9709;Recomendação
9726;Expectativa e descrição
9726;Entrega
9770;Recomendação
9825;Qualidade
9906;Qualidade
35;Desempenho e eficiência
357;Qualidade
357;Preço e valor
444;Recomendação
484;Expectativa e descrição
484;Entrega
578;Qualidade
604;Recomendação
682;Uso diário e praticidade
682;Recomendação
684;Qualidade
843;Uso diário e praticidade
843;Recomendação
918;Expectativa e descrição
1213;Recomendação
1310;Recomendação
1374;Desempenho e eficiência
1387;Qualidade
1416;Uso diário e praticidade
1416;Recomendação
1443;Expectativa e descrição
1520;Expectativa e descrição
1549;Desempenho e eficiência
1639;Expectativa e descrição
1639;Entrega
1661;Uso diário e praticidade
1661;Recomendação
1696;Qualidade
1715;Expectativa e descrição
1871;Expectativa e descrição
1872;Recomendação
1925;Recomendação
1946;Uso diário e praticidade
1946;Recomendação
1952;Desempenho e eficiência
1985;Recomendação
2004;Expectativa e descrição
2005;Desempenho e eficiência
2008;Uso diário e praticidade
2008;Recomendação
2030;Recomendação
2319;Qualidade
2422;Uso diário e praticidade
2422;Recomendação
2658;Recomendação
2685;Recomendação
2690;Uso diário e praticidade
2690;Recomendação
2770;Recomendação
2913;Qualidade
2967;Qualidade
3066;Recomendação
3072;Recomendação
3192;Expectativa e descrição
3197;Expectativa e descrição
3440;Uso diário e praticidade
3440;Recomendação
3497;Recomendação
3623;Recomendação
3722;Expectativa e descrição
3722;Entrega
3732;Qualidade
3863;Qualidade
3863;Preço e valor
3949;Desempenho e eficiência
3998;Recomendação
4100;Desempenho e eficiência
4196;Qualidade
4196;Preço e valor
4365;Expectativa e descrição
4365;Entrega
4567;Qualidade
4712;Qualidade
4870;Recomendação
4929;Qualidade
4959;Desempenho e eficiência
5017;Recomendação
5032;Recomendação
5202;Expectativa e descrição
5202;Entrega
5228;Recomendação
5262;Recomendação
5281;Qualidade
5316;Recomendação
5390;Expectativa e descrição
5428;Desempenho e eficiência
5569;Expectativa e descrição
5573;Expectativa e descrição
5573;Entrega
5731;Recomendação
5904;Desempenho e eficiência
6001;Qualidade
6001;Preço e valor
6052;Desempenho e eficiência
6128;Uso diário e praticidade
6128;Recomendação
6157;Recomendação
6295;Uso diário e praticidade
6295;Recomendação
6350;Expectativa e descrição
6350;Entrega
6438;Qualidade
6464;Qualidade
6621;Qualidade
6659;Qualidade
6659;Preço e valor
6783;Expectativa e descrição
6783;Entrega
6844;Qualidade
7156;Qualidade
7156;Preço e valor
7172;Recomendação
7295;Qualidade
7377;Qualidade
7377;Preço e valor
7434;Recomendação
7627;Recomendação
7657;Uso diário e praticidade
7657;Recomendação
7709;Recomendação
7730;Desempenho e eficiência
7825;Desempenho e eficiência
8058;Desempenho e eficiência
8237;Recomendação
8278;Desempenho e eficiência
8288;Qualidade
8288;Preço e valor
8355;Qualidade
8452;Qualidade
8465;Expectativa e descrição
8547;Qualidade
8547;Preço e valor
8571;Desempenho e eficiência
8582;Qualidade
8696;Expectativa e descrição
8738;Desempenho e eficiência
8765;Desempenho e eficiência
8843;Uso diário e praticidade
8843;Recomendação
8936;Recomendação
9012;Desempenho e eficiência
9152;Desempenho e eficiência
9178;Qualidade
9178;Preço e valor
9232;Expectativa e descrição
9232;Entrega
9281;Recomendação
9355;Desempenho e eficiência
9518;Uso diário e praticidade
9518;Recomendação
9596;Recomendação
9643;Qualidade
9688;Uso diário e praticidade
9688;Recomendação
9784;Qualidade
9784;Preço e valor
9909;Qualidade
9954;Recomendação
9980;Recomendação
9982;Desempenho e eficiência
49;Uso diário e praticidade
49;Recomendação
78;Expectativa e descrição
259;Qualidade
321;Expectativa e descrição
321;Entrega
342;Recomendação
470;Recomendação
493;Desempenho e eficiência
576;Qualidade
588;Desempenho e eficiência
600;Recomendação
648;Expectativa e descrição
648;Entrega
738;Uso diário e praticidade
738;Recomendação
762;Qualidade
778;Qualidade
823;Recomendação
830;Qualidade
838;Recomendação
842;Qualidade
842;Preço e valor
922;Expectativa e descrição
922;Entrega
987;Recomendação
1140;Qualidade
1328;Qualidade
1399;Qualidade
1399;Preço e valor
1402;Qualidade
1587;Qualidade
1678;Recomendação
1735;Uso diário e praticidade
1735;Recomendação
1756;Recomendação
2061;Desempenho e eficiência
2274;Expectativa e descrição
2274;Entrega
2334;Expectativa e descrição
2334;Entrega
2375;Recomendação
2439;Qualidade
2439;Preço e valor
2537;Expectativa e descrição
2597;Expectativa e descrição
2597;Entrega
2673;Qualidade
2673;Preço e valor
2712;Desempenho e eficiência
2713;Expectativa e descrição
2817;Recomendação
2838;Expectativa e descrição
2869;Qualidade
2956;Expectativa e descrição
2956;Entrega
2995;Expectativa e descrição
2995;Entrega
3096;Qualidade
3116;Desempenho e eficiência
3232;Uso diário e praticidade
3232;Recomendação
3318;Recomendação
3415;Expectativa e descrição
3415;Entrega
3489;Qualidade
3489;Preço e valor
3560;Recomendação
3619;Desempenho e eficiência
3629;Expectativa e descrição
3629;Entrega
3794;Desempenho e eficiência
3913;Recomendação
3964;Recomendação
4096;Qualidade
4096;Preço e valor
4112;Recomendação
4271;Desempenho e eficiência
4382;Expectativa e descrição
4595;Expectativa e descrição
4654;Expectativa e descrição
4715;Uso diário e praticidade
4715;Recomendação
4831;Recomendação
4855;Expectativa e descrição
5037;Recomendação
5069;Expectativa e descrição
5069;Entrega
5338;Desempenho e eficiência
5351;Recomendação
5391;Recomendação
5409;Qualidade
5762;Qualidade
5766;Qualidade
5782;Qualidade
5782;Preço e valor
5901;Qualidade
5954;Expectativa e descrição
5954;Entrega
6186;Desempenho e eficiência
6190;Desempenho e eficiência
6244;Uso diário e praticidade
6244;Recomendação
6400;Uso diário e praticidade
6400;Recomendação
6532;Qualidade
6560;Expectativa e descrição
6560;Entrega
6721;Uso diário e praticidade
6721;Recomendação
6807;Recomendação
6825;Recomendação
6919;Recomendação
7034;Recomendação
7073;Uso diário e praticidade
7073;Recomendação
7111;Desempenho e eficiência
7130;Desempenho e eficiência
7197;Desempenho e eficiência
7268;Recomendação
7286;Qualidade
7286;Preço e valor
7303;Desempenho e eficiência
7480;Expectativa e descrição
7480;Entrega
7555;Expectativa e descrição
7555;Entrega
7606;Qualidade
7671;Expectativa e descrição
7671;Entrega
7684;Qualidade
7693;Qualidade
7693;Preço e valor
7841;Expectativa e descrição
7841;Entrega
7891;Qualidade
7984;Desempenho e eficiência
8240;Desempenho e eficiência
8251;Qualidade
8256;Expectativa e descrição
8306;Desempenho e eficiência
8379;Uso diário e praticidade
8379;Recomendação
8495;Expectativa e descrição
8495;Entrega
8624;Desempenho e eficiência
8649;Qualidade
8649;Preço e valor
8660;Qualidade
8660;Preço e valor
8690;Qualidade
8757;Qualidade
8814;Qualidade
8858;Qualidade
8858;Preço e valor
8871;Recomendação
8996;Uso diário e praticidade
8996;Recomendação
9235;Desempenho e eficiência
9335;Qualidade
9346;Qualidade
9346;Preço e valor
9369;Expectativa e descrição
9434;Recomendação
9543;Desempenho e eficiência
9601;Desempenho e eficiência
9718;Qualidade
9948;Qualidade
9990;Desempenho e eficiência
33;Qualidade
33;Preço e valor
256;Recomendação
303;Expectativa e descrição
303;Entrega
372;Recomendação
418;Qualidade
418;Preço e valor
439;Desempenho e eficiência
521;Recomendação
544;Expectativa e descrição
577;Qualidade
601;Uso diário e praticidade
601;Recomendação
646;Uso diário e praticidade
646;Recomendação
712;Expectativa e descrição
712;Entrega
798;Qualidade
803;Recomendação
851;Uso diário e praticidade
851;Recomendação
1034;Desempenho e eficiência
1047;Qualidade
1047;Preço e valor
1075;Expectativa e descrição
1075;Entrega
1107;Uso diário e praticidade
1107;Recomendação
1162;Qualidade
1189;Uso diário e praticidade
1189;Recomendação
1204;Recomendação
1219;Qualidade
1331;Qualidade
1440;Recomendação
1465;Qualidade
1465;Preço e valor
1574;Desempenho e eficiência
1600;Desempenho e eficiência
1630;Recomendação
1684;Qualidade
1702;Recomendação
1862;Uso diário e praticidade
1862;Recomendação
1886;Recomendação
2095;Desempenho e eficiência
2156;Expectativa e descrição
2179;Expectativa e descrição
2221;Expectativa e descrição
2223;Recomendação
2365;Desempenho e eficiência
2393;Recomendação
2599;Qualidade
2813;Qualidade
2813;Preço e valor
2902;Desempenho e eficiência
2915;Uso diário e praticidade
2915;Recomendação
2937;Desempenho e eficiência
2975;Qualidade
2980;Desempenho e eficiência
3018;Recomendação
3115;Recomendação
3125;Recomendação
3223;Desempenho e eficiência
3237;Desempenho e eficiência
3378;Qualidade
3568;Qualidade
3568;Preço e valor
3601;Expectativa e descrição
3601;Entrega
3644;Desempenho e eficiência
3738;Qualidade
3817;Qualidade
4047;Uso diário e praticidade
4047;Recomendação
4050;Expectativa e descrição
4050;Entrega
4111;Desempenho e eficiência
4149;Recomendação
4256;Qualidade
4354;Uso diário e praticidade
4354;Recomendação
4404;Expectativa e descrição
4404;Entrega
4416;Recomendação
4451;Uso diário e praticidade
4451;Recomendação
4457;Recomendação
4486;Expectativa e descrição
4486;Entrega
4636;Qualidade
4636;Preço e valor
4676;Desempenho e eficiência
4679;Qualidade
4776;Desempenho e eficiência
4955;Uso diário e praticidade
4955;Recomendação
5041;Desempenho e eficiência
5084;Desempenho e eficiência
5100;Qualidade
5116;Desempenho e eficiência
5359;Recomendação
5361;Expectativa e descrição
5361;Entrega
5369;Qualidade
5394;Recomendação
5411;Qualidade
5411;Preço e valor
5422;Desempenho e eficiência
5582;Qualidade
5609;Desempenho e eficiência
5611;Qualidade
5677;Expectativa e descrição
5677;Entrega
5760;Qualidade
5760;Preço e valor
5780;Recomendação
5842;Uso diário e praticidade
5842;Recomendação
5948;Qualidade
5965;Desempenho e eficiência
6132;Qualidade
6168;Qualidade
6220;Recomendação
6343;Expectativa e descrição
6343;Entrega
6647;Qualidade
6647;Preço e valor
6874;Qualidade
6966;Expectativa e descrição
6966;Entrega
7089;Qualidade
7202;Desempenho e eficiência
7334;Recomendação
7374;Expectativa e descrição
7400;Expectativa e descrição
7560;Qualidade
7592;Expectativa e descrição
7592;Entrega
7612;Desempenho e eficiência
7732;Recomendação
7939;Qualidade
8021;Desempenho e eficiência
8246;Uso diário e praticidade
8246;Recomendação
8265;Desempenho e eficiência
8362;Recomendação
8410;Desempenho e eficiência
8420;Qualidade
8505;Recomendação
8539;Qualidade
8539;Preço e valor
8557;Expectativa e descrição
8557;Entrega
8772;Expectativa e descrição
8943;Expectativa e descrição
8943;Entrega
8971;Expectativa e descrição
8971;Entrega
9390;Uso diário e praticidade
9390;Recomendação
9508;Desempenho e eficiência
9665;Qualidade
9665;Preço e valor
9769;Expectativa e descrição
9769;Entrega
9804;Desempenho e eficiência
9916;Uso diário e praticidade
9916;Recomendação
9975;Expectativa e descrição
9975;Entrega
9998;Expectativa e descrição
9998;Entrega
9;Recomendação
170;Expectativa e descrição
172;Recomendação
265;Desempenho e eficiência
367;Expectativa e descrição
380;Qualidade
468;Expectativa e descrição
468;Entrega
480;Recomendação
930;Expectativa e descrição
930;Entrega
957;Desempenho e eficiência
992;Expectativa e descrição
997;Qualidade
1003;Expectativa e descrição
1003;Entrega
1010;Recomendação
1226;Qualidade
1245;Recomendação
1327;Expectativa e descrição
1327;Entrega
1397;Recomendação
1426;Recomendação
1450;Expectativa e descrição
1450;Entrega
1629;Desempenho e eficiência
1649;Desempenho e eficiência
1668;Desempenho e eficiência
1721;Expectativa e descrição
1721;Entrega
1824;Qualidade
1824;Preço e valor
1888;Expectativa e descrição
1888;Entrega
2040;Desempenho e eficiência
2067;Qualidade
2165;Desempenho e eficiência
2198;Desempenho e eficiência
2232;Recomendação
2362;Desempenho e eficiência
2369;Desempenho e eficiência
2780;Expectativa e descrição
2787;Desempenho e eficiência
2805;Expectativa e descrição
2816;Expectativa e descrição
2816;Entrega
2984;Recomendação
3212;Qualidade
3276;Desempenho e eficiência
3369;Qualidade
3441;Recomendação
3506;Qualidade
3559;Qualidade
3559;Preço e valor
3606;Expectativa e descrição
3606;Entrega
3659;Recomendação
3706;Desempenho e eficiência
3803;Recomendação
3930;Recomendação
4029;Qualidade
4029;Preço e valor
4064;Recomendação
4278;Uso diário e praticidade
4278;Recomendação
4349;Desempenho e eficiência
4369;Desempenho e eficiência
4433;Expectativa e descrição
4433;Entrega
4543;Desempenho e eficiência
4816;Qualidade
4941;Expectativa e descrição
5102;Qualidade
5102;Preço e valor
5141;Qualidade
5141;Preço e valor
5357;Desempenho e eficiência
5417;Expectativa e descrição
5484;Qualidade
5494;Desempenho e eficiência
5596;Expectativa e descrição
5678;Qualidade
5678;Preço e valor
5716;Qualidade
5718;Expectativa e descrição
5718;Entrega
5773;Uso diário e praticidade
5773;Recomendação
5788;Qualidade
5820;Recomendação
5840;Expectativa e descrição
5918;Recomendação
6096;Desempenho e eficiência
6200;Qualidade
6200;Preço e valor
6317;Desempenho e eficiência
6581;Recomendação
6583;Qualidade
6748;Expectativa e descrição
6813;Desempenho e eficiência
6979;Recomendação
7006;Qualidade
7094;Expectativa e descrição
7094;Entrega
7228;Recomendação
7396;Desempenho e eficiência
7411;Recomendação
7566;Desempenho e eficiência
7579;Expectativa e descrição
7617;Uso diário e praticidade
7617;Recomendação
7618;Expectativa e descrição
7715;Qualidade
7715;Preço e valor
7719;Qualidade
7729;Desempenho e eficiência
7767;Recomendação
7778;Expectativa e descrição
7828;Qualidade
7828;Preço e valor
7882;Expectativa e descrição
7888;Qualidade
7888;Preço e valor
7930;Qualidade
7930;Preço e valor
7968;Recomendação
8060;Qualidade
8094;Qualidade
8099;Expectativa e descrição
8135;Qualidade
8135;Preço e valor
8137;Uso diário e praticidade
8137;Recomendação
8165;Recomendação
8169;Expectativa e descrição
8221;Expectativa e descrição
8221;Entrega
8314;Expectativa e descrição
8314;Entrega
8399;Expectativa e descrição
8429;Qualidade
8471;Qualidade
8471;Preço e valor
8561;Qualidade
8671;Qualidade
8745;Qualidade
8762;Uso diário e praticidade
8762;Recomendação
8787;Uso diário e praticidade
8787;Recomendação
9104;Expectativa e descrição
9117;Qualidade
9117;Preço e valor
9136;Qualidade
9261;Recomendação
9376;Qualidade
9465;Expectativa e descrição
9465;Entrega
9757;Qualidade
9972;Expectativa e descrição
9972;Entrega
93;Desempenho e eficiência
166;Recomendação
204;Recomendação
389;Recomendação
390;Qualidade
390;Preço e valor
529;Qualidade
551;Uso diário e praticidade
551;Recomendação
597;Qualidade
829;Expectativa e descrição
829;Entrega
852;Qualidade
852;Preço e valor
994;Expectativa e descrição
1049;Expectativa e descrição
1049;Entrega
1082;Qualidade
1082;Preço e valor
1267;Uso diário e praticidade
1267;Recomendação
1453;Recomendação
1496;Expectativa e descrição
1514;Uso diário e praticidade
1514;Recomendação
1612;Qualidade
1632;Recomendação
1646;Recomendação
1704;Qualidade
2001;Uso diário e praticidade
2001;Recomendação
2032;Qualidade
2105;Desempenho e eficiência
2174;Recomendação
2200;Qualidade
2210;Desempenho e eficiência
2271;Recomendação
2321;Qualidade
2321;Preço e valor
2392;Uso diário e praticidade
2392;Recomendação
2413;Qualidade
2466;Recomendação
2489;Qualidade
2489;Preço e valor
2556;Recomendação
2610;Uso diário e praticidade
2610;Recomendação
2743;Qualidade
2743;Preço e valor
2753;Uso diário e praticidade
2753;Recomendação
2999;Qualidade
3053;Desempenho e eficiência
3090;Recomendação
3141;Qualidade
3141;Preço e valor
3156;Qualidade
3230;Recomendação
3263;Uso diário e praticidade
3263;Recomendação
3283;Qualidade
3283;Preço e valor
3324;Expectativa e descrição
3519;Expectativa e descrição
3593;Desempenho e eficiência
3596;Qualidade
3596;Preço e valor
3609;Qualidade
3653;Qualidade
3675;Desempenho e eficiência
3691;Expectativa e descrição
3696;Qualidade
3758;Qualidade
3768;Uso diário e praticidade
3768;Recomendação
3858;Qualidade
3858;Preço e valor
3867;Expectativa e descrição
4031;Desempenho e eficiência
4175;Uso diário e praticidade
4175;Recomendação
4191;Recomendação
4212;Desempenho e eficiência
4245;Desempenho e eficiência
4324;Qualidade
4374;Expectativa e descrição
4388;Qualidade
4515;Uso diário e praticidade
4515;Recomendação
4788;Qualidade
4839;Uso diário e praticidade
4839;Recomendação
4890;Expectativa e descrição
5005;Desempenho e eficiência
5070;Expectativa e descrição
5139;Recomendação
5353;Qualidade
5443;Qualidade
5528;Qualidade
5552;Qualidade
5559;Desempenho e eficiência
5614;Recomendação
5822;Desempenho e eficiência
5984;Desempenho e eficiência
6021;Expectativa e descrição
6021;Entrega
6033;Uso diário e praticidade
6033;Recomendação
6236;Recomendação
6264;Uso diário e praticidade
6264;Recomendação
6307;Recomendação
6392;Recomendação
6418;Expectativa e descrição
6431;Recomendação
6573;Desempenho e eficiência
6590;Desempenho e eficiência
6684;Desempenho e eficiência
6735;Qualidade
6762;Uso diário e praticidade
6762;Recomendação
6834;Qualidade
6834;Preço e valor
6908;Desempenho e eficiência
6950;Qualidade
6950;Preço e valor
6988;Uso diário e praticidade
6988;Recomendação
6990;Expectativa e descrição
7002;Recomendação
7003;Expectativa e descrição
7037;Expectativa e descrição
7078;Qualidade
7168;Recomendação
7213;Expectativa e descrição
7312;Qualidade
7312;Preço e valor
7379;Desempenho e eficiência
7408;Qualidade
7451;Qualidade
7451;Preço e valor
7604;Desempenho e eficiência
7721;Recomendação
7740;Qualidade
7922;Desempenho e eficiência
8208;Recomendação
8224;Expectativa e descrição
8224;Entrega
8305;Recomendação
8332;Expectativa e descrição
8378;Desempenho e eficiência
8419;Desempenho e eficiência
8447;Qualidade
8447;Preço e valor
8482;Recomendação
8782;Uso diário e praticidade
8782;Recomendação
8785;Recomendação
8794;Uso diário e praticidade
8794;Recomendação
8822;Qualidade
8921;Qualidade
8957;Desempenho e eficiência
8997;Desempenho e eficiência
9022;Desempenho e eficiência
9058;Qualidade
9058;Preço e valor
9095;Qualidade
9112;Desempenho e eficiência
9135;Qualidade
9184;Expectativa e descrição
9205;Qualidade
9356;Expectativa e descrição
9356;Entrega
9385;Recomendação
9481;Qualidade
9533;Desempenho e eficiência
9620;Desempenho e eficiência
9675;Qualidade
9694;Recomendação
9704;Expectativa e descrição
9704;Entrega
9719;Qualidade
9719;Preço e valor
9838;Expectativa e descrição
9851;Expectativa e descrição
9851;Entrega
9873;Expectativa e descrição
9873;Entrega
9913;Qualidade
9913;Preço e valor
2;Desempenho e eficiência
22;Expectativa e descrição
22;Entrega
48;Qualidade
132;Expectativa e descrição
277;Recomendação
463;Expectativa e descrição
585;Qualidade
585;Preço e valor
620;Qualidade
620;Preço e valor
636;Recomendação
720;Qualidade
720;Preço e valor
784;Desempenho e eficiência
903;Recomendação
942;Desempenho e eficiência
979;Qualidade
979;Preço e valor
984;Recomendação
1006;Recomendação
1023;Qualidade
1083;Desempenho e eficiência
1129;Qualidade
1395;Recomendação
1473;Expectativa e descrição
1498;Expectativa e descrição
1498;Entrega
1583;Uso diário e praticidade
1583;Recomendação
1618;Qualidade
1705;Qualidade
1777;Qualidade
2089;Expectativa e descrição
2089;Entrega
2176;Recomendação
2183;Qualidade
2222;Qualidade
2266;Uso diário e praticidade
2266;Recomendação
2286;Desempenho e eficiência
2445;Qualidade
2803;Desempenho e eficiência
2866;Qualidade
2866;Preço e valor
2890;Recomendação
2900;Uso diário e praticidade
2900;Recomendação
2907;Qualidade
2907;Preço e valor
2922;Qualidade
2928;Qualidade
3013;Desempenho e eficiência
3023;Recomendação
3108;Qualidade
3137;Qualidade
3213;Expectativa e descrição
3227;Expectativa e descrição
3227;Entrega
3240;Qualidade
3240;Preço e valor
3243;Qualidade
3269;Expectativa e descrição
3269;Entrega
3303;Desempenho e eficiência
3368;Recomendação
3462;Expectativa e descrição
3472;Qualidade
3547;Expectativa e descrição
3547;Entrega
3628;Expectativa e descrição
3679;Expectativa e descrição
3680;Desempenho e eficiência
3750;Desempenho e eficiência
3777;Recomendação
3782;Uso diário e praticidade
3782;Recomendação
3792;Recomendação
3800;Uso diário e praticidade
3800;Recomendação
3971;Expectativa e descrição
3971;Entrega
3973;Desempenho e eficiência
3983;Qualidade
3983;Preço e valor
4409;Qualidade
4674;Desempenho e eficiência
4752;Expectativa e descrição
4787;Qualidade
4787;Preço e valor
4983;Qualidade
4983;Preço e valor
5031;Expectativa e descrição
5031;Entrega
5112;Expectativa e descrição
5246;Qualidade
5246;Preço e valor
5267;Expectativa e descrição
5336;Qualidade
5336;Preço e valor
5415;Qualidade
5445;Desempenho e eficiência
5458;Uso diário e praticidade
5458;Recomendação
5615;Desempenho e eficiência
5658;Recomendação
5684;Recomendação
5690;Recomendação
5899;Uso diário e praticidade
5899;Recomendação
5955;Qualidade
6284;Qualidade
6301;Desempenho e eficiência
6330;Qualidade
6330;Preço e valor
6495;Desempenho e eficiência
6695;Qualidade
6716;Recomendação
6837;Recomendação
7056;Recomendação
7133;Recomendação
7188;Qualidade
7288;Recomendação
7301;Expectativa e descrição
7301;Entrega
7327;Expectativa e descrição
7327;Entrega
7347;Expectativa e descrição
7347;Entrega
7491;Qualidade
7492;Recomendação
7686;Qualidade
7686;Preço e valor
7849;Qualidade
7879;Desempenho e eficiência
7915;Desempenho e eficiência
7942;Recomendação
7944;Qualidade
7944;Preço e valor
8171;Expectativa e descrição
8202;Desempenho e eficiência
8229;Expectativa e descrição
8229;Entrega
8499;Qualidade
8548;Recomendação
8573;Qualidade
8639;Desempenho e eficiência
8694;Desempenho e eficiência
8729;Desempenho e eficiência
8735;Qualidade
8751;Qualidade
8751;Preço e valor
8790;Expectativa e descrição
8790;Entrega
8821;Recomendação
9079;Expectativa e descrição
9079;Entrega
9169;Desempenho e eficiência
9251;Desempenho e eficiência
9317;Recomendação
9322;Uso diário e praticidade
9322;Recomendação
9327;Uso diário e praticidade
9327;Recomendação
9336;Recomendação
9382;Qualidade
9405;Qualidade
9441;Qualidade
9441;Preço e valor
9463;Qualidade
9477;Recomendação
9604;Desempenho e eficiência
9617;Uso diário e praticidade
9617;Recomendação
9621;Desempenho e eficiência
9703;Desempenho e eficiência
9832;Qualidade
9833;Recomendação
9899;Qualidade
9937;Recomendação
9956;Desempenho e eficiência
6;Qualidade
20;Qualidade
20;Desempenho e eficiência
87;Desempenho e eficiência
198;Qualidade
209;Desempenho e eficiência
218;Desempenho e eficiência
232;Recomendação
268;Uso diário e praticidade
268;Recomendação
554;Qualidade
554;Preço e valor
664;Recomendação
703;Uso diário e praticidade
703;Recomendação
789;Uso diário e praticidade
789;Recomendação
824;Expectativa e descrição
913;Expectativa e descrição
913;Entrega
924;Recomendação
927;Expectativa e descrição
1038;Qualidade
1060;Desempenho e eficiência
1122;Qualidade
1122;Preço e valor
1155;Qualidade
1298;Recomendação
1330;Expectativa e descrição
1330;Entrega
1345;Expectativa e descrição
1345;Entrega
1503;Expectativa e descrição
1546;Recomendação
1598;Desempenho e eficiência
1685;Expectativa e descrição
1685;Entrega
1896;Recomendação
1901;Expectativa e descrição
2052;Qualidade
2052;Preço e valor
2196;Desempenho e eficiência
2203;Desempenho e eficiência
2310;Qualidade
2310;Preço e valor
2347;Qualidade
2403;Desempenho e eficiência
2687;Uso diário e praticidade
2687;Recomendação
2694;Expectativa e descrição
2694;Entrega
2707;Desempenho e eficiência
2827;Expectativa e descrição
2864;Desempenho e eficiência
2930;Qualidade
3008;Desempenho e eficiência
3294;Qualidade
3383;Recomendação
3418;Qualidade
3431;Qualidade
3431;Preço e valor
3457;Qualidade
3457;Preço e valor
3470;Qualidade
3517;Qualidade
3523;Desempenho e eficiência
3538;Qualidade
3671;Qualidade
3700;Desempenho e eficiência
3786;Desempenho e eficiência
3972;Recomendação
3982;Qualidade
3982;Preço e valor
4041;Expectativa e descrição
4041;Entrega
4069;Expectativa e descrição
4089;Expectativa e descrição
4089;Entrega
4310;Qualidade
4310;Preço e valor
4391;Recomendação
4396;Desempenho e eficiência
4550;Recomendação
4726;Qualidade
4837;Desempenho e eficiência
4848;Uso diário e praticidade
4848;Recomendação
5003;Desempenho e eficiência
5058;Recomendação
5087;Qualidade
5322;Qualidade
5461;Recomendação
5503;Expectativa e descrição
5503;Entrega
5617;Qualidade
5715;Recomendação
5723;Expectativa e descrição
5790;Recomendação
5892;Desempenho e eficiência
5923;Qualidade
5923;Preço e valor
5979;Expectativa e descrição
6005;Desempenho e eficiência
6047;Uso diário e praticidade
6047;Recomendação
6065;Desempenho e eficiência
6093;Recomendação
6328;Qualidade
6376;Expectativa e descrição
6376;Entrega
6505;Qualidade
6505;Preço e valor
6566;Desempenho e eficiência
6754;Recomendação
6843;Expectativa e descrição
6860;Uso diário e praticidade
6860;Recomendação
7061;Qualidade
7063;Desempenho e eficiência
7093;Desempenho e eficiência
7216;Expectativa e descrição
7294;Uso diário e praticidade
7294;Recomendação
7311;Qualidade
7311;Preço e valor
7321;Uso diário e praticidade
7321;Recomendação
7336;Desempenho e eficiência
7443;Qualidade
7494;Qualidade
7494;Preço e valor
7783;Qualidade
7964;Expectativa e descrição
7964;Entrega
8264;Uso diário e praticidade
8264;Recomendação
8302;Qualidade
8302;Preço e valor
8308;Recomendação
8313;Expectativa e descrição
8316;Recomendação
8418;Qualidade
8456;Uso diário e praticidade
8456;Recomendação
8457;Qualidade
8457;Preço e valor
8524;Qualidade
8543;Uso diário e praticidade
8543;Recomendação
8584;Expectativa e descrição
8589;Qualidade
8600;Recomendação
8646;Expectativa e descrição
8721;Qualidade
8763;Qualidade
8898;Desempenho e eficiência
9078;Expectativa e descrição
9078;Entrega
9204;Expectativa e descrição
9269;Qualidade
9286;Qualidade
9286;Preço e valor
9316;Qualidade
9367;Desempenho e eficiência
9470;Qualidade
9470;Preço e valor
9534;Uso diário e praticidade
9534;Recomendação
9572;Qualidade
9594;Desempenho e eficiência
9742;Desempenho e eficiência
53;Qualidade
142;Desempenho e eficiência
308;Qualidade
334;Recomendação
457;Desempenho e eficiência
482;Qualidade
482;Preço e valor
502;Qualidade
557;Expectativa e descrição
557;Entrega
750;Qualidade
772;Desempenho e eficiência
804;Desempenho e eficiência
926;Expectativa e descrição
926;Entrega
989;Recomendação
993;Desempenho e eficiência
1182;Recomendação
1232;Qualidade
1232;Preço e valor
1284;Expectativa e descrição
1284;Entrega
1291;Recomendação
1522;Desempenho e eficiência
1645;Qualidade
1645;Preço e valor
1675;Expectativa e descrição
1700;Qualidade
1769;Qualidade
1776;Expectativa e descrição
1821;Recomendação
1825;Qualidade
1842;Expectativa e descrição
1842;Entrega
2047;Desempenho e eficiência
2073;Desempenho e eficiência
2078;Expectativa e descrição
2078;Entrega
2143;Recomendação
2277;Uso diário e praticidade
2277;Recomendação
2305;Expectativa e descrição
2350;Desempenho e eficiência
2437;Recomendação
2471;Desempenho e eficiência
2481;Expectativa e descrição
2481;Entrega
2485;Expectativa e descrição
2507;Uso diário e praticidade
2507;Recomendação
2700;Qualidade
2758;Recomendação
2829;Qualidade
2834;Recomendação
2888;Expectativa e descrição
2888;Entrega
2938;Expectativa e descrição
2938;Entrega
2969;Desempenho e eficiência
2981;Qualidade
3081;Expectativa e descrição
3081;Entrega
3188;Recomendação
3260;Qualidade
3260;Preço e valor
3293;Desempenho e eficiência
3379;Expectativa e descrição
3407;Desempenho e eficiência
3516;Desempenho e eficiência
3661;Expectativa e descrição
3661;Entrega
3787;Desempenho e eficiência
3865;Qualidade
3892;Recomendação
4048;Desempenho e eficiência
4082;Qualidade
4082;Preço e valor
4094;Qualidade
4120;Desempenho e eficiência
4143;Qualidade
4143;Preço e valor
4222;Expectativa e descrição
4260;Uso diário e praticidade
4260;Recomendação
4315;Recomendação
4340;Uso diário e praticidade
4340;Recomendação
4383;Uso diário e praticidade
4383;Recomendação
4385;Uso diário e praticidade
4385;Recomendação
4500;Expectativa e descrição
4507;Qualidade
4507;Preço e valor
4639;Qualidade
4711;Uso diário e praticidade
4711;Recomendação
5002;Recomendação
5022;Desempenho e eficiência
5026;Recomendação
5149;Recomendação
5253;Uso diário e praticidade
5253;Recomendação
5311;Expectativa e descrição
5376;Qualidade
5450;Desempenho e eficiência
5483;Qualidade
5483;Preço e valor
5661;Desempenho e eficiência
5759;Expectativa e descrição
5805;Uso diário e praticidade
5805;Recomendação
5868;Recomendação
5973;Desempenho e eficiência
6138;Desempenho e eficiência
6299;Desempenho e eficiência
6446;Uso diário e praticidade
6446;Recomendação
6476;Qualidade
6502;Expectativa e descrição
6563;Qualidade
6580;Recomendação
6591;Desempenho e eficiência
6624;Qualidade
6624;Preço e valor
7013;Expectativa e descrição
7017;Desempenho e eficiência
7040;Desempenho e eficiência
7107;Expectativa e descrição
7150;Desempenho e eficiência
7261;Qualidade
7261;Preço e valor
7307;Qualidade
7307;Preço e valor
7425;Qualidade
7473;Expectativa e descrição
7473;Entrega
7713;Expectativa e descrição
7713;Entrega
7787;Recomendação
7796;Desempenho e eficiência
7850;Qualidade
7935;Qualidade
8083;Expectativa e descrição
8083;Entrega
8163;Recomendação
8205;Qualidade
8227;Desempenho e eficiência
8286;Qualidade
8337;Uso diário e praticidade
8337;Recomendação
8514;Expectativa e descrição
8514;Entrega
8519;Recomendação
8525;Expectativa e descrição
8655;Expectativa e descrição
8655;Entrega
8730;Qualidade
8820;Qualidade
8837;Uso diário e praticidade
8837;Recomendação
9009;Recomendação
9194;Qualidade
9202;Qualidade
9255;Desempenho e eficiência
9485;Recomendação
9539;Desempenho e eficiência
9656;Desempenho e eficiência
9831;Desempenho e eficiência
9858;Uso diário e praticidade
9858;Recomendação
9947;Recomendação
344;Qualidade
454;Recomendação
681;Qualidade
681;Preço e valor
710;Desempenho e eficiência
760;Recomendação
1089;Expectativa e descrição
1089;Entrega
1191;Expectativa e descrição
1247;Expectativa e descrição
1483;Expectativa e descrição
1483;Entrega
1570;Desempenho e eficiência
1595;Expectativa e descrição
1595;Entrega
1900;Qualidade
1998;Uso diário e praticidade
1998;Recomendação
2033;Recomendação
2039;Qualidade
2082;Recomendação
2166;Qualidade
2313;Qualidade
2332;Expectativa e descrição
2332;Entrega
2434;Qualidade
2434;Preço e valor
2468;Qualidade
2468;Preço e valor
2617;Qualidade
2617;Preço e valor
2830;Desempenho e eficiência
3117;Qualidade
3117;Preço e valor
3145;Desempenho e eficiência
3280;Expectativa e descrição
3315;Recomendação
3352;Desempenho e eficiência
3408;Expectativa e descrição
3419;Desempenho e eficiência
3488;Qualidade
3488;Preço e valor
3780;Uso diário e praticidade
3780;Recomendação
3818;Expectativa e descrição
3869;Uso diário e praticidade
3869;Recomendação
4141;Uso diário e praticidade
4141;Recomendação
4165;Qualidade
4179;Qualidade
4297;Uso diário e praticidade
4297;Recomendação
4360;Qualidade
4360;Preço e valor
4371;Desempenho e eficiência
4405;Qualidade
4405;Preço e valor
4406;Expectativa e descrição
4438;Expectativa e descrição
4491;Qualidade
4497;Uso diário e praticidade
4497;Recomendação
4862;Qualidade
4904;Recomendação
4985;Recomendação
4995;Desempenho e eficiência
5006;Uso diário e praticidade
5006;Recomendação
5025;Uso diário e praticidade
5025;Recomendação
5155;Uso diário e praticidade
5155;Recomendação
5173;Uso diário e praticidade
5173;Recomendação
5175;Expectativa e descrição
5182;Qualidade
5182;Preço e valor
5331;Uso diário e praticidade
5331;Recomendação
5405;Desempenho e eficiência
5710;Expectativa e descrição
5710;Entrega
5825;Desempenho e eficiência
5833;Qualidade
5903;Qualidade
5903;Preço e valor
5919;Desempenho e eficiência
6162;Expectativa e descrição
6162;Entrega
6242;Qualidade
6352;Desempenho e eficiência
6469;Uso diário e praticidade
6469;Recomendação
6883;Expectativa e descrição
7067;Uso diário e praticidade
7067;Recomendação
7070;Recomendação
7154;Desempenho e eficiência
7195;Qualidade
7195;Preço e valor
7205;Qualidade
7211;Recomendação
7224;Recomendação
7406;Desempenho e eficiência
7417;Qualidade
7453;Qualidade
7516;Qualidade
7516;Preço e valor
7611;Qualidade
7611;Preço e valor
7717;Desempenho e eficiência
7741;Expectativa e descrição
7911;Desempenho e eficiência
7920;Expectativa e descrição
7978;Qualidade
8072;Qualidade
8145;Recomendação
8174;Expectativa e descrição
8197;Recomendação
8254;Qualidade
8275;Qualidade
8300;Qualidade
8424;Qualidade
8424;Preço e valor
8551;Expectativa e descrição
8819;Recomendação
8976;Uso diário e praticidade
8976;Recomendação
9029;Qualidade
9066;Uso diário e praticidade
9066;Recomendação
9093;Expectativa e descrição
9113;Qualidade
9113;Preço e valor
9121;Qualidade
9292;Recomendação
9371;Recomendação
9403;Desempenho e eficiência
9526;Qualidade
9669;Qualidade
9683;Desempenho e eficiência
9736;Expectativa e descrição
9890;Qualidade
9943;Expectativa e descrição
263;Recomendação
290;Recomendação
305;Desempenho e eficiência
364;Desempenho e eficiência
429;Expectativa e descrição
429;Entrega
649;Desempenho e eficiência
697;Recomendação
706;Expectativa e descrição
921;Qualidade
921;Preço e valor
935;Qualidade
1128;Desempenho e eficiência
1171;Expectativa e descrição
1383;Desempenho e eficiência
1434;Expectativa e descrição
1492;Expectativa e descrição
1506;Expectativa e descrição
1506;Entrega
1513;Desempenho e eficiência
1563;Qualidade
1563;Preço e valor
1652;Recomendação
1687;Desempenho e eficiência
1827;Recomendação
1874;Desempenho e eficiência
1898;Desempenho e eficiência
1942;Expectativa e descrição
1942;Entrega
2019;Qualidade
2019;Preço e valor
2141;Recomendação
2159;Expectativa e descrição
2159;Entrega
2161;Qualidade
2161;Preço e valor
2302;Recomendação
2337;Expectativa e descrição
2337;Entrega
2432;Qualidade
2502;Desempenho e eficiência
2596;Qualidade
2623;Desempenho e eficiência
2638;Recomendação
2683;Uso diário e praticidade
2683;Recomendação
2744;Recomendação
2759;Qualidade
2759;Preço e valor
2766;Recomendação
2929;Expectativa e descrição
2929;Entrega
2947;Recomendação
2971;Recomendação
3048;Recomendação
3326;Qualidade
3326;Preço e valor
3333;Qualidade
3333;Preço e valor
3390;Expectativa e descrição
3410;Recomendação
3580;Expectativa e descrição
3632;Recomendação
3755;Recomendação
3884;Uso diário e praticidade
3884;Recomendação
3933;Recomendação
3939;Recomendação
3959;Qualidade
3959;Preço e valor
3990;Qualidade
4167;Recomendação
4186;Recomendação
4255;Desempenho e eficiência
4425;Expectativa e descrição
4440;Desempenho e eficiência
4516;Recomendação
4562;Qualidade
4642;Qualidade
4642;Preço e valor
4691;Expectativa e descrição
4696;Recomendação
4727;Desempenho e eficiência
4833;Desempenho e eficiência
4875;Uso diário e praticidade
4875;Recomendação
4902;Qualidade
4902;Preço e valor
4963;Recomendação
5122;Recomendação
5128;Expectativa e descrição
5154;Desempenho e eficiência
5183;Qualidade
5309;Expectativa e descrição
5330;Recomendação
5388;Desempenho e eficiência
5389;Expectativa e descrição
5451;Expectativa e descrição
5451;Entrega
5530;Qualidade
5557;Qualidade
5590;Recomendação
5733;Expectativa e descrição
5733;Entrega
5775;Qualidade
5775;Preço e valor
5920;Qualidade
6016;Recomendação
6150;Expectativa e descrição
6150;Entrega
6160;Uso diário e praticidade
6160;Recomendação
6198;Qualidade
6227;Desempenho e eficiência
6263;Qualidade
6263;Preço e valor
6286;Qualidade
6329;Desempenho e eficiência
6408;Expectativa e descrição
6408;Entrega
6500;Recomendação
6755;Desempenho e eficiência
6804;Expectativa e descrição
6805;Desempenho e eficiência
6853;Recomendação
6904;Desempenho e eficiência
6984;Uso diário e praticidade
6984;Recomendação
7016;Recomendação
7065;Qualidade
7065;Preço e valor
7072;Recomendação
7105;Recomendação
7108;Qualidade
7139;Qualidade
7272;Recomendação
7297;Desempenho e eficiência
7323;Qualidade
7331;Uso diário e praticidade
7331;Recomendação
7404;Qualidade
7460;Recomendação
7489;Qualidade
7541;Uso diário e praticidade
7541;Recomendação
7844;Expectativa e descrição
8016;Uso diário e praticidade
8016;Recomendação
8059;Desempenho e eficiência
8273;Recomendação
8292;Qualidade
8341;Expectativa e descrição
8341;Entrega
8611;Recomendação
8614;Desempenho e eficiência
8626;Uso diário e praticidade
8626;Recomendação
8709;Recomendação
8829;Expectativa e descrição
8829;Entrega
8950;Uso diário e praticidade
8950;Recomendação
9092;Desempenho e eficiência
9138;Expectativa e descrição
9247;Recomendação
9294;Qualidade
9294;Preço e valor
9309;Desempenho e eficiência
9383;Qualidade
9489;Uso diário e praticidade
9489;Recomendação
9491;Uso diário e praticidade
9491;Recomendação
9611;Qualidade
9687;Desempenho e eficiência
9707;Expectativa e descrição
9707;Entrega
9788;Expectativa e descrição
9788;Entrega
9801;Recomendação
9845;Recomendação
9855;Recomendação
9861;Recomendação
9923;Expectativa e descrição
9923;Entrega
46;Desempenho e eficiência
222;Expectativa e descrição
228;Desempenho e eficiência
241;Uso diário e praticidade
241;Recomendação
382;Uso diário e praticidade
382;Recomendação
396;Uso diário e praticidade
396;Recomendação
540;Qualidade
558;Expectativa e descrição
558;Entrega
606;Recomendação
617;Qualidade
617;Preço e valor
662;Qualidade
662;Preço e valor
708;Qualidade
768;Expectativa e descrição
768;Entrega
928;Recomendação
951;Desempenho e eficiência
1165;Recomendação
1172;Desempenho e eficiência
1198;Desempenho e eficiência
1273;Qualidade
1273;Preço e valor
1307;Qualidade
1324;Desempenho e eficiência
1390;Recomendação
1594;Desempenho e eficiência
1754;Expectativa e descrição
1754;Entrega
1975;Qualidade
2042;Expectativa e descrição
2170;Desempenho e eficiência
2195;Uso diário e praticidade
2195;Recomendação
2220;Qualidade
2245;Expectativa e descrição
2290;Expectativa e descrição
2290;Entrega
2314;Recomendação
2349;Expectativa e descrição
2364;Desempenho e eficiência
2378;Qualidade
2378;Preço e valor
2424;Uso diário e praticidade
2424;Recomendação
2495;Recomendação
2518;Expectativa e descrição
2532;Desempenho e eficiência
2605;Desempenho e eficiência
2626;Uso diário e praticidade
2626;Recomendação
2628;Qualidade
2706;Qualidade
2706;Preço e valor
2725;Recomendação
2729;Uso diário e praticidade
2729;Recomendação
2737;Qualidade
2737;Preço e valor
2781;Qualidade
2840;Desempenho e eficiência
3077;Uso diário e praticidade
3077;Recomendação
3097;Desempenho e eficiência
3112;Qualidade
3126;Qualidade
3165;Desempenho e eficiência
3180;Expectativa e descrição
3334;Uso diário e praticidade
3334;Recomendação
3393;Expectativa e descrição
3588;Desempenho e eficiência
3712;Desempenho e eficiência
3740;Qualidade
3740;Preço e valor
3801;Expectativa e descrição
3801;Entrega
3804;Qualidade
3804;Preço e valor
3922;Qualidade
3980;Recomendação
4084;Expectativa e descrição
4084;Entrega
4105;Qualidade
4169;Expectativa e descrição
4295;Qualidade
4465;Desempenho e eficiência
4482;Qualidade
4482;Preço e valor
4669;Qualidade
4669;Preço e valor
4675;Recomendação
4703;Qualidade
4703;Preço e valor
4740;Expectativa e descrição
4740;Entrega
4812;Uso diário e praticidade
4812;Recomendação
4840;Qualidade
4844;Qualidade
4865;Qualidade
4954;Recomendação
4956;Qualidade
4957;Qualidade
4957;Preço e valor
4978;Uso diário e praticidade
4978;Recomendação
5081;Desempenho e eficiência
5119;Qualidade
5127;Desempenho e eficiência
5169;Recomendação
5171;Recomendação
5222;Recomendação
5266;Qualidade
5379;Recomendação
5380;Expectativa e descrição
5380;Entrega
5435;Expectativa e descrição
5464;Expectativa e descrição
5501;Recomendação
5564;Qualidade
5865;Expectativa e descrição
5942;Expectativa e descrição
6035;Desempenho e eficiência
6077;Expectativa e descrição
6249;Recomendação
6432;Expectativa e descrição
6506;Desempenho e eficiência
6537;Uso diário e praticidade
6537;Recomendação
6599;Recomendação
6730;Qualidade
6741;Recomendação
6954;Uso diário e praticidade
6954;Recomendação
6968;Recomendação
7266;Recomendação
7505;Recomendação
7537;Recomendação
7573;Desempenho e eficiência
7638;Expectativa e descrição
7638;Entrega
7668;Recomendação
7669;Expectativa e descrição
7669;Entrega
7720;Qualidade
7720;Preço e valor
7813;Qualidade
7864;Expectativa e descrição
7914;Expectativa e descrição
7970;Qualidade
8056;Qualidade
8092;Desempenho e eficiência
8095;Uso diário e praticidade
8095;Recomendação
8097;Uso diário e praticidade
8097;Recomendação
8108;Expectativa e descrição
8108;Entrega
8147;Uso diário e praticidade
8147;Recomendação
8161;Expectativa e descrição
8161;Entrega
8296;Uso diário e praticidade
8296;Recomendação
8329;Desempenho e eficiência
8544;Desempenho e eficiência
8755;Qualidade
8823;Desempenho e eficiência
8946;Expectativa e descrição
8946;Entrega
9015;Desempenho e eficiência
9166;Qualidade
9233;Expectativa e descrição
9233;Entrega
9266;Recomendação
9404;Qualidade
9404;Preço e valor
9460;Desempenho e eficiência
9527;Desempenho e eficiência
9546;Recomendação
9547;Expectativa e descrição
9547;Entrega
9664;Expectativa e descrição
9905;Qualidade
12;Desempenho e eficiência
124;Desempenho e eficiência
146;Expectativa e descrição
276;Expectativa e descrição
276;Entrega
397;Desempenho e eficiência
443;Recomendação
448;Qualidade
505;Desempenho e eficiência
542;Expectativa e descrição
542;Entrega
574;Qualidade
616;Qualidade
846;Recomendação
948;Recomendação
977;Expectativa e descrição
977;Entrega
1070;Qualidade
1070;Preço e valor
1103;Qualidade
1168;Expectativa e descrição
1168;Entrega
1257;Qualidade
1415;Recomendação
1436;Qualidade
1486;Recomendação
1593;Expectativa e descrição
1789;Expectativa e descrição
1789;Entrega
1856;Recomendação
1920;Uso diário e praticidade
1920;Recomendação
1929;Recomendação
1983;Uso diário e praticidade
1983;Recomendação
2119;Recomendação
2139;Expectativa e descrição
2160;Expectativa e descrição
2225;Desempenho e eficiência
2417;Desempenho e eficiência
2428;Uso diário e praticidade
2428;Recomendação
2588;Desempenho e eficiência
2661;Uso diário e praticidade
2661;Recomendação
2663;Desempenho e eficiência
2778;Recomendação
2851;Expectativa e descrição
2903;Desempenho e eficiência
3014;Uso diário e praticidade
3014;Recomendação
3291;Recomendação
3403;Recomendação
3439;Recomendação
3443;Qualidade
3443;Preço e valor
3466;Desempenho e eficiência
3487;Recomendação
3553;Desempenho e eficiência
3581;Uso diário e praticidade
3581;Recomendação
3861;Desempenho e eficiência
3957;Qualidade
3995;Expectativa e descrição
3997;Recomendação
4088;Recomendação
4110;Expectativa e descrição
4272;Desempenho e eficiência
4446;Desempenho e eficiência
4447;Qualidade
4488;Qualidade
4556;Uso diário e praticidade
4556;Recomendação
4558;Qualidade
4582;Expectativa e descrição
4582;Entrega
4607;Qualidade
4648;Qualidade
4648;Preço e valor
4687;Qualidade
4759;Qualidade
4759;Preço e valor
4836;Recomendação
4876;Uso diário e praticidade
4876;Recomendação
4878;Qualidade
4878;Preço e valor
4951;Recomendação
4970;Desempenho e eficiência
5016;Recomendação
5088;Qualidade
5088;Preço e valor
5170;Qualidade
5194;Uso diário e praticidade
5194;Recomendação
5280;Desempenho e eficiência
5291;Desempenho e eficiência
5307;Qualidade
5307;Preço e valor
5423;Qualidade
5514;Recomendação
5879;Qualidade
5910;Desempenho e eficiência
5962;Qualidade
6079;Expectativa e descrição
6079;Entrega
6179;Expectativa e descrição
6290;Qualidade
6338;Recomendação
6396;Recomendação
6413;Recomendação
6414;Qualidade
6507;Qualidade
6519;Qualidade
6519;Preço e valor
6544;Desempenho e eficiência
6554;Uso diário e praticidade
6554;Recomendação
6558;Uso diário e praticidade
6558;Recomendação
6715;Qualidade
6891;Desempenho e eficiência
7023;Expectativa e descrição
7045;Uso diário e praticidade
7045;Recomendação
7141;Uso diário e praticidade
7141;Recomendação
7407;Recomendação
7534;Qualidade
7620;Desempenho e eficiência
7632;Desempenho e eficiência
7636;Expectativa e descrição
7645;Expectativa e descrição
7785;Recomendação
7851;Uso diário e praticidade
7851;Recomendação
7880;Qualidade
7880;Preço e valor
7916;Qualidade
7966;Desempenho e eficiência
7992;Expectativa e descrição
8082;Recomendação
8104;Expectativa e descrição
8105;Qualidade
8144;Recomendação
8284;Expectativa e descrição
8327;Recomendação
8534;Desempenho e eficiência
8538;Qualidade
8538;Preço e valor
8567;Qualidade
8567;Preço e valor
8619;Recomendação
8657;Desempenho e eficiência
8693;Expectativa e descrição
8693;Entrega
8886;Desempenho e eficiência
8978;Expectativa e descrição
8985;Expectativa e descrição
9082;Expectativa e descrição
9171;Qualidade
9206;Qualidade
9244;Qualidade
9320;Desempenho e eficiência
9457;Recomendação
9585;Recomendação
9622;Uso diário e praticidade
9622;Recomendação
9631;Qualidade
9637;Desempenho e eficiência
9655;Qualidade
9717;Expectativa e descrição
9724;Qualidade
9734;Qualidade
9759;Recomendação
9800;Desempenho e eficiência
9828;Qualidade
9853;Qualidade
9853;Preço e valor
9917;Desempenho e eficiência
9987;Expectativa e descrição
9987;Entrega
21;Desempenho e eficiência
95;Recomendação
197;Qualidade
197;Preço e valor
423;Qualidade
596;Qualidade
596;Preço e valor
700;Recomendação
779;Desempenho e eficiência
878;Recomendação
1024;Qualidade
1293;Expectativa e descrição
1357;Recomendação
1636;Qualidade
1681;Qualidade
1744;Recomendação
1928;Qualidade
1928;Preço e valor
2072;Qualidade
2072;Preço e valor
2118;Expectativa e descrição
2264;Recomendação
2363;Recomendação
2487;Recomendação
2547;Desempenho e eficiência
2686;Qualidade
2693;Qualidade
2693;Preço e valor
2883;Expectativa e descrição
2883;Entrega
3025;Recomendação
3091;Desempenho e eficiência
3092;Expectativa e descrição
3092;Entrega
3139;Desempenho e eficiência
3250;Uso diário e praticidade
3250;Recomendação
3261;Desempenho e eficiência
3327;Desempenho e eficiência
3354;Recomendação
3425;Desempenho e eficiência
3483;Desempenho e eficiência
3514;Desempenho e eficiência
3579;Qualidade
3812;Qualidade
3873;Expectativa e descrição
3986;Qualidade
3986;Preço e valor
3989;Desempenho e eficiência
4012;Recomendação
4046;Expectativa e descrição
4107;Qualidade
4107;Preço e valor
4234;Expectativa e descrição
4259;Qualidade
4259;Preço e valor
4281;Recomendação
4361;Recomendação
4461;Expectativa e descrição
4519;Expectativa e descrição
4692;Expectativa e descrição
4693;Recomendação
4753;Uso diário e praticidade
4753;Recomendação
4763;Expectativa e descrição
4763;Entrega
4779;Recomendação
4780;Expectativa e descrição
4780;Entrega
4800;Qualidade
4858;Expectativa e descrição
5065;Expectativa e descrição
5065;Entrega
5444;Qualidade
5444;Preço e valor
5480;Recomendação
5515;Recomendação
5591;Expectativa e descrição
5591;Entrega
5639;Expectativa e descrição
5639;Entrega
5839;Uso diário e praticidade
5839;Recomendação
5985;Qualidade
6135;Desempenho e eficiência
6357;Recomendação
6362;Qualidade
6453;Desempenho e eficiência
6689;Desempenho e eficiência
6710;Qualidade
6710;Preço e valor
6717;Uso diário e praticidade
6717;Recomendação
6719;Qualidade
6782;Recomendação
6875;Expectativa e descrição
6875;Entrega
6933;Qualidade
6933;Preço e valor
6969;Expectativa e descrição
6969;Entrega
7053;Recomendação
7082;Qualidade
7180;Expectativa e descrição
7373;Desempenho e eficiência
7630;Desempenho e eficiência
7792;Uso diário e praticidade
7792;Recomendação
7945;Recomendação
8019;Expectativa e descrição
8019;Entrega
8192;Uso diário e praticidade
8192;Recomendação
8230;Uso diário e praticidade
8230;Recomendação
8236;Qualidade
8244;Desempenho e eficiência
8363;Qualidade
8363;Preço e valor
8390;Qualidade
8426;Qualidade
8488;Expectativa e descrição
8488;Entrega
8645;Recomendação
8680;Recomendação
8711;Qualidade
8788;Desempenho e eficiência
8797;Qualidade
8811;Recomendação
8872;Uso diário e praticidade
8872;Recomendação
8973;Qualidade
8973;Preço e valor
9037;Desempenho e eficiência
9054;Recomendação
9177;Expectativa e descrição
9248;Recomendação
9306;Qualidade
9564;Recomendação
9607;Recomendação
9654;Qualidade
9712;Recomendação
9732;Qualidade
9846;Desempenho e eficiência
9863;Uso diário e praticidade
9863;Recomendação
122;Desempenho e eficiência
160;Qualidade
213;Expectativa e descrição
213;Entrega
240;Uso diário e praticidade
240;Recomendação
518;Recomendação
559;Recomendação
884;Qualidade
1016;Desempenho e eficiência
1125;Recomendação
1202;Uso diário e praticidade
1202;Recomendação
1288;Uso diário e praticidade
1288;Recomendação
1309;Qualidade
1309;Preço e valor
1478;Recomendação
1548;Expectativa e descrição
1616;Expectativa e descrição
1643;Desempenho e eficiência
1674;Expectativa e descrição
1674;Entrega
1911;Qualidade
1911;Preço e valor
2000;Uso diário e praticidade
2000;Recomendação
2048;Recomendação
2171;Qualidade
2620;Recomendação
2776;Uso diário e praticidade
2776;Recomendação
2777;Qualidade
3106;Desempenho e eficiência
3118;Expectativa e descrição
3173;Uso diário e praticidade
3173;Recomendação
3245;Recomendação
3313;Desempenho e eficiência
3356;Expectativa e descrição
3356;Entrega
3357;Uso diário e praticidade
3357;Recomendação
3362;Recomendação
3705;Expectativa e descrição
3705;Entrega
3728;Expectativa e descrição
3734;Recomendação
3788;Recomendação
3881;Expectativa e descrição
3954;Desempenho e eficiência
4005;Desempenho e eficiência
4060;Expectativa e descrição
4081;Recomendação
4134;Qualidade
4134;Preço e valor
4171;Qualidade
4243;Expectativa e descrição
4243;Entrega
4473;Qualidade
4473;Preço e valor
4601;Desempenho e eficiência
4628;Desempenho e eficiência
4659;Qualidade
4659;Preço e valor
4758;Qualidade
4758;Preço e valor
4765;Desempenho e eficiência
4819;Qualidade
4864;Desempenho e eficiência
4884;Qualidade
4884;Preço e valor
4931;Uso diário e praticidade
4931;Recomendação
5059;Desempenho e eficiência
5092;Recomendação
5151;Expectativa e descrição
5195;Recomendação
5204;Expectativa e descrição
5204;Entrega
5219;Desempenho e eficiência
5270;Recomendação
5279;Qualidade
5299;Desempenho e eficiência
5455;Expectativa e descrição
5455;Entrega
5654;Qualidade
5706;Uso diário e praticidade
5706;Recomendação
5725;Expectativa e descrição
5776;Qualidade
5776;Preço e valor
5886;Qualidade
5893;Desempenho e eficiência
5909;Recomendação
6232;Qualidade
6254;Qualidade
6435;Expectativa e descrição
6579;Recomendação
6702;Recomendação
6708;Qualidade
6738;Uso diário e praticidade
6738;Recomendação
6756;Qualidade
6781;Desempenho e eficiência
7055;Expectativa e descrição
7158;Expectativa e descrição
7158;Entrega
7187;Expectativa e descrição
7187;Entrega
7231;Recomendação
7281;Qualidade
7281;Preço e valor
7449;Recomendação
7651;Uso diário e praticidade
7651;Recomendação
7652;Recomendação
7739;Qualidade
7764;Expectativa e descrição
7838;Desempenho e eficiência
7866;Desempenho e eficiência
8195;Desempenho e eficiência
8211;Desempenho e eficiência
8214;Qualidade
8239;Recomendação
8261;Recomendação
8276;Qualidade
8276;Preço e valor
8294;Recomendação
8325;Uso diário e praticidade
8325;Recomendação
8366;Desempenho e eficiência
8382;Expectativa e descrição
8382;Entrega
8389;Desempenho e eficiência
8470;Qualidade
8555;Qualidade
8555;Preço e valor
8642;Recomendação
8769;Desempenho e eficiência
8781;Uso diário e praticidade
8781;Recomendação
8784;Expectativa e descrição
8875;Recomendação
9017;Recomendação
9083;Uso diário e praticidade
9083;Recomendação
9089;Qualidade
9089;Preço e valor
9091;Desempenho e eficiência
9107;Desempenho e eficiência
9115;Qualidade
9132;Recomendação
9267;Recomendação
9277;Desempenho e eficiência
9377;Uso diário e praticidade
9377;Recomendação
9388;Uso diário e praticidade
9388;Recomendação
9401;Desempenho e eficiência
9419;Expectativa e descrição
9419;Entrega
9443;Qualidade
9443;Preço e valor
9448;Recomendação
9453;Desempenho e eficiência
9514;Qualidade
9514;Preço e valor
9541;Desempenho e eficiência
9559;Desempenho e eficiência
9580;Uso diário e praticidade
9580;Recomendação
9588;Desempenho e eficiência
9864;Desempenho e eficiência
9876;Expectativa e descrição
9876;Entrega
9946;Expectativa e descrição
9946;Entrega
9969;Recomendação
9981;Expectativa e descrição
19;Desempenho e eficiência
195;Expectativa e descrição
252;Desempenho e eficiência
254;Recomendação
262;Expectativa e descrição
262;Entrega
281;Uso diário e praticidade
281;Recomendação
332;Qualidade
424;Qualidade
424;Preço e valor
487;Qualidade
492;Expectativa e descrição
492;Entrega
704;Desempenho e eficiência
723;Desempenho e eficiência
725;Recomendação
769;Qualidade
769;Preço e valor
770;Recomendação
965;Qualidade
965;Preço e valor
1057;Qualidade
1057;Preço e valor
1138;Desempenho e eficiência
1150;Desempenho e eficiência
1164;Recomendação
1368;Uso diário e praticidade
1368;Recomendação
1472;Recomendação
1589;Qualidade
1638;Recomendação
1644;Desempenho e eficiência
1686;Desempenho e eficiência
1752;Qualidade
1752;Preço e valor
1963;Recomendação
1964;Expectativa e descrição
1964;Entrega
2246;Recomendação
2361;Uso diário e praticidade
2361;Recomendação
2367;Recomendação
2492;Desempenho e eficiência
2666;Desempenho e eficiência
2670;Qualidade
2731;Desempenho e eficiência
2819;Qualidade
2819;Preço e valor
2821;Recomendação
2972;Recomendação
3019;Recomendação
3124;Qualidade
3140;Expectativa e descrição
3140;Entrega
3155;Qualidade
3175;Desempenho e eficiência
3196;Qualidade
3196;Preço e valor
3253;Qualidade
3253;Preço e valor
3311;Qualidade
3311;Preço e valor
3473;Recomendação
3525;Uso diário e praticidade
3525;Recomendação
3599;Recomendação
3744;Desempenho e eficiência
3848;Desempenho e eficiência
3849;Recomendação
3902;Recomendação
4188;Expectativa e descrição
4301;Qualidade
4493;Qualidade
4493;Preço e valor
4575;Expectativa e descrição
4666;Qualidade
4666;Preço e valor
4735;Qualidade
4735;Preço e valor
4771;Expectativa e descrição
4771;Entrega
4851;Expectativa e descrição
5033;Recomendação
5034;Qualidade
5220;Qualidade
5229;Desempenho e eficiência
5358;Expectativa e descrição
5358;Entrega
5572;Qualidade
5584;Desempenho e eficiência
5620;Qualidade
5694;Recomendação
5815;Desempenho e eficiência
5929;Uso diário e praticidade
5929;Recomendação
6063;Expectativa e descrição
6085;Uso diário e praticidade
6085;Recomendação
6197;Expectativa e descrição
6259;Qualidade
6259;Preço e valor
6308;Qualidade
6390;Qualidade
6403;Desempenho e eficiência
6543;Qualidade
6543;Preço e valor
6612;Expectativa e descrição
6634;Desempenho e eficiência
6749;Recomendação
7196;Desempenho e eficiência
7340;Uso diário e praticidade
7340;Recomendação
7361;Desempenho e eficiência
7376;Desempenho e eficiência
7575;Expectativa e descrição
7575;Entrega
7677;Recomendação
7738;Qualidade
7738;Preço e valor
7799;Expectativa e descrição
7799;Entrega
7827;Qualidade
7847;Uso diário e praticidade
7847;Recomendação
7952;Recomendação
8028;Qualidade
8028;Preço e valor
8079;Desempenho e eficiência
8113;Qualidade
8194;Qualidade
8352;Uso diário e praticidade
8352;Recomendação
8417;Recomendação
8433;Expectativa e descrição
8443;Desempenho e eficiência
8479;Qualidade
8605;Recomendação
8667;Desempenho e eficiência
8728;Expectativa e descrição
8748;Desempenho e eficiência
8808;Expectativa e descrição
8853;Qualidade
8853;Preço e valor
8854;Uso diário e praticidade
8854;Recomendação
8918;Uso diário e praticidade
8918;Recomendação
9101;Qualidade
9120;Qualidade
9155;Qualidade
9188;Qualidade
9190;Uso diário e praticidade
9190;Recomendação
9219;Qualidade
9315;Desempenho e eficiência
9538;Qualidade
9561;Desempenho e eficiência
9583;Qualidade
9615;Qualidade
9615;Preço e valor
9725;Recomendação
9751;Recomendação
128;Expectativa e descrição
175;Desempenho e eficiência
190;Desempenho e eficiência
244;Expectativa e descrição
244;Entrega
301;Qualidade
302;Desempenho e eficiência
434;Recomendação
570;Recomendação
583;Recomendação
709;Recomendação
821;Desempenho e eficiência
888;Uso diário e praticidade
888;Recomendação
1011;Expectativa e descrição
1011;Entrega
1022;Expectativa e descrição
1022;Entrega
1042;Expectativa e descrição
1095;Qualidade
1130;Desempenho e eficiência
1151;Expectativa e descrição
1207;Qualidade
1501;Desempenho e eficiência
1633;Expectativa e descrição
1633;Entrega
1984;Uso diário e praticidade
1984;Recomendação
1987;Qualidade
1987;Preço e valor
2168;Qualidade
2168;Preço e valor
2262;Qualidade
2382;Desempenho e eficiência
2484;Recomendação
2503;Desempenho e eficiência
2587;Recomendação
2716;Desempenho e eficiência
2760;Qualidade
2802;Qualidade
2802;Preço e valor
2844;Expectativa e descrição
2909;Recomendação
3044;Qualidade
3102;Expectativa e descrição
3102;Entrega
3179;Recomendação
3258;Qualidade
3258;Preço e valor
3265;Qualidade
3265;Preço e valor
3399;Expectativa e descrição
3405;Expectativa e descrição
3405;Entrega
3471;Expectativa e descrição
3490;Expectativa e descrição
3490;Entrega
3621;Desempenho e eficiência
3635;Recomendação
3745;Qualidade
3747;Expectativa e descrição
3774;Expectativa e descrição
3844;Desempenho e eficiência
3904;Desempenho e eficiência
3981;Expectativa e descrição
3981;Entrega
4036;Recomendação
4113;Desempenho e eficiência
4308;Expectativa e descrição
4308;Entrega
4424;Expectativa e descrição
4509;Expectativa e descrição
4509;Entrega
4609;Expectativa e descrição
4637;Recomendação
4664;Qualidade
4730;Recomendação
4798;Desempenho e eficiência
4874;Qualidade
4915;Recomendação
4919;Recomendação
4965;Qualidade
4965;Preço e valor
5211;Desempenho e eficiência
5305;Expectativa e descrição
5355;Qualidade
5367;Recomendação
5460;Qualidade
5497;Recomendação
5520;Qualidade
5542;Expectativa e descrição
5562;Desempenho e eficiência
5588;Expectativa e descrição
5588;Entrega
5702;Desempenho e eficiência
5740;Qualidade
5795;Qualidade
5870;Recomendação
5882;Recomendação
5946;Desempenho e eficiência
6060;Recomendação
6173;Qualidade
6173;Preço e valor
6211;Recomendação
6240;Uso diário e praticidade
6240;Recomendação
6282;Desempenho e eficiência
6319;Qualidade
6465;Expectativa e descrição
6465;Entrega
6631;Desempenho e eficiência
6742;Qualidade
6742;Preço e valor
6866;Recomendação
6868;Qualidade
6868;Preço e valor
6918;Desempenho e eficiência
6946;Expectativa e descrição
6946;Entrega
7032;Desempenho e eficiência
7100;Qualidade
7100;Preço e valor
7204;Expectativa e descrição
7207;Recomendação
7253;Expectativa e descrição
7308;Expectativa e descrição
7308;Entrega
7333;Desempenho e eficiência
7676;Uso diário e praticidade
7676;Recomendação
7712;Expectativa e descrição
7712;Entrega
7808;Qualidade
7980;Qualidade
7980;Preço e valor
7990;Qualidade
8100;Desempenho e eficiência
8196;Recomendação
8333;Qualidade
8357;Uso diário e praticidade
8357;Recomendação
8411;Expectativa e descrição
8411;Entrega
8458;Qualidade
8744;Recomendação
8779;Recomendação
8836;Expectativa e descrição
8836;Entrega
8953;Desempenho e eficiência
9025;Qualidade
9025;Preço e valor
9238;Recomendação
9273;Recomendação
9372;Desempenho e eficiência
9519;Recomendação
9542;Qualidade
9677;Recomendação
9721;Desempenho e eficiência
9737;Uso diário e praticidade
9737;Recomendação
9844;Qualidade
9963;Expectativa e descrição
9995;Qualidade
9995;Preço e valor
89;Recomendação
191;Expectativa e descrição
191;Entrega
225;Desempenho e eficiência
330;Expectativa e descrição
330;Entrega
503;Expectativa e descrição
503;Entrega
528;Desempenho e eficiência
575;Recomendação
621;Expectativa e descrição
621;Entrega
688;Desempenho e eficiência
730;Expectativa e descrição
773;Qualidade
773;Preço e valor
898;Desempenho e eficiência
915;Recomendação
968;Desempenho e eficiência
1000;Expectativa e descrição
1183;Recomendação
1186;Qualidade
1206;Qualidade
1262;Recomendação
1344;Uso diário e praticidade
1344;Recomendação
1364;Recomendação
1378;Uso diário e praticidade
1378;Recomendação
1468;Recomendação
1887;Expectativa e descrição
1887;Entrega
1908;Recomendação
2044;Desempenho e eficiência
2098;Uso diário e praticidade
2098;Recomendação
2366;Qualidade
2452;Desempenho e eficiência
2555;Uso diário e praticidade
2555;Recomendação
2607;Recomendação
2735;Desempenho e eficiência
2745;Expectativa e descrição
2745;Entrega
2874;Recomendação
2878;Qualidade
2908;Qualidade
2941;Desempenho e eficiência
3012;Recomendação
3206;Expectativa e descrição
3249;Desempenho e eficiência
3387;Uso diário e praticidade
3387;Recomendação
3432;Qualidade
3600;Qualidade
3673;Qualidade
3673;Preço e valor
3695;Qualidade
3769;Desempenho e eficiência
3771;Expectativa e descrição
3771;Entrega
3779;Recomendação
3802;Recomendação
3807;Recomendação
3826;Qualidade
4229;Expectativa e descrição
4357;Qualidade
4357;Preço e valor
4466;Recomendação
4494;Uso diário e praticidade
4494;Recomendação
4502;Expectativa e descrição
4502;Entrega
4539;Desempenho e eficiência
4540;Desempenho e eficiência
4565;Recomendação
4571;Qualidade
4596;Recomendação
4633;Recomendação
4678;Qualidade
4791;Qualidade
4948;Expectativa e descrição
4948;Entrega
5008;Expectativa e descrição
5066;Desempenho e eficiência
5159;Qualidade
5159;Preço e valor
5168;Recomendação
5207;Desempenho e eficiência
5212;Recomendação
5271;Uso diário e praticidade
5271;Recomendação
5433;Qualidade
5533;Qualidade
5533;Preço e valor
5665;Uso diário e praticidade
5665;Recomendação
5860;Desempenho e eficiência
5930;Desempenho e eficiência
5931;Recomendação
5969;Qualidade
6034;Desempenho e eficiência
6070;Desempenho e eficiência
6215;Recomendação
6312;Uso diário e praticidade
6312;Recomendação
6625;Desempenho e eficiência
6865;Uso diário e praticidade
6865;Recomendação
6958;Desempenho e eficiência
7026;Qualidade
7122;Expectativa e descrição
7125;Qualidade
7125;Preço e valor
7169;Desempenho e eficiência
7206;Desempenho e eficiência
7356;Qualidade
7394;Uso diário e praticidade
7394;Recomendação
7413;Uso diário e praticidade
7413;Recomendação
7416;Expectativa e descrição
7544;Desempenho e eficiência
7661;Recomendação
7848;Expectativa e descrição
7848;Entrega
7902;Qualidade
7902;Preço e valor
7924;Recomendação
7934;Desempenho e eficiência
8054;Qualidade
8220;Recomendação
8226;Expectativa e descrição
8226;Entrega
8396;Qualidade
8542;Expectativa e descrição
8569;Expectativa e descrição
8569;Entrega
8602;Desempenho e eficiência
8855;Desempenho e eficiência
9118;Qualidade
9137;Qualidade
9137;Preço e valor
9146;Qualidade
9146;Preço e valor
9154;Recomendação
9360;Expectativa e descrição
9360;Entrega
9416;Desempenho e eficiência
9437;Recomendação
9553;Uso diário e praticidade
9553;Recomendação
9748;Recomendação
9796;Expectativa e descrição
9813;Expectativa e descrição
9813;Entrega
9848;Recomendação
9870;Desempenho e eficiência
9903;Qualidade
9903;Preço e valor
88;Desempenho e eficiência
293;Desempenho e eficiência
310;Qualidade
310;Preço e valor
361;Recomendação
374;Qualidade
374;Preço e valor
411;Recomendação
433;Recomendação
436;Uso diário e praticidade
436;Recomendação
509;Recomendação
512;Desempenho e eficiência
522;Expectativa e descrição
594;Desempenho e eficiência
605;Qualidade
611;Qualidade
845;Recomendação
849;Desempenho e eficiência
890;Qualidade
890;Preço e valor
896;Recomendação
908;Qualidade
964;Qualidade
970;Desempenho e eficiência
980;Qualidade
980;Preço e valor
999;Recomendação
1018;Recomendação
1029;Uso diário e praticidade
1029;Recomendação
1063;Uso diário e praticidade
1063;Recomendação
1102;Recomendação
1193;Recomendação
1229;Recomendação
1407;Desempenho e eficiência
1458;Desempenho e eficiência
1528;Recomendação
1650;Qualidade
1718;Desempenho e eficiência
1771;Desempenho e eficiência
1790;Qualidade
1790;Preço e valor
1804;Expectativa e descrição
2226;Expectativa e descrição
2226;Entrega
2247;Expectativa e descrição
2247;Entrega
2260;Desempenho e eficiência
2317;Qualidade
2478;Uso diário e praticidade
2478;Recomendação
2688;Recomendação
2747;Recomendação
2831;Expectativa e descrição
2831;Entrega
2832;Uso diário e praticidade
2832;Recomendação
2911;Desempenho e eficiência
3021;Qualidade
3202;Expectativa e descrição
3202;Entrega
3273;Expectativa e descrição
3323;Expectativa e descrição
3412;Recomendação
3630;Expectativa e descrição
3630;Entrega
3649;Desempenho e eficiência
3875;Qualidade
3882;Qualidade
3882;Preço e valor
4190;Uso diário e praticidade
4190;Recomendação
4227;Recomendação
4302;Expectativa e descrição
4306;Uso diário e praticidade
4306;Recomendação
4400;Desempenho e eficiência
4449;Qualidade
4449;Preço e valor
4471;Expectativa e descrição
4501;Recomendação
4520;Uso diário e praticidade
4520;Recomendação
4544;Recomendação
4616;Recomendação
4655;Qualidade
4748;Desempenho e eficiência
4777;Qualidade
4894;Expectativa e descrição
4894;Entrega
4932;Recomendação
4943;Recomendação
5015;Expectativa e descrição
5094;Qualidade
5108;Qualidade
5135;Desempenho e eficiência
5148;Desempenho e eficiência
5293;Uso diário e praticidade
5293;Recomendação
5310;Qualidade
5356;Recomendação
5486;Uso diário e praticidade
5486;Recomendação
5546;Uso diário e praticidade
5546;Recomendação
5622;Expectativa e descrição
5622;Entrega
5648;Qualidade
5657;Recomendação
5732;Uso diário e praticidade
5732;Recomendação
5771;Qualidade
5774;Uso diário e praticidade
5774;Recomendação
5811;Recomendação
5889;Qualidade
5987;Recomendação
6006;Qualidade
6006;Preço e valor
6007;Uso diário e praticidade
6007;Recomendação
6311;Uso diário e praticidade
6311;Recomendação
6462;Desempenho e eficiência
6636;Qualidade
6636;Preço e valor
6639;Qualidade
6639;Preço e valor
6821;Qualidade
6821;Preço e valor
6824;Qualidade
6924;Expectativa e descrição
7302;Expectativa e descrição
7414;Expectativa e descrição
7432;Expectativa e descrição
7459;Recomendação
7633;Qualidade
7681;Qualidade
7735;Desempenho e eficiência
7773;Recomendação
7829;Recomendação
7853;Uso diário e praticidade
7853;Recomendação
7859;Uso diário e praticidade
7859;Recomendação
7946;Expectativa e descrição
7946;Entrega
7958;Recomendação
8025;Desempenho e eficiência
8044;Desempenho e eficiência
8070;Desempenho e eficiência
8138;Qualidade
8148;Qualidade
8155;Recomendação
8157;Recomendação
8234;Desempenho e eficiência
8339;Qualidade
8339;Preço e valor
8343;Qualidade
8384;Qualidade
8430;Desempenho e eficiência
8874;Expectativa e descrição
8874;Entrega
9000;Recomendação
9005;Recomendação
9172;Qualidade
9186;Expectativa e descrição
9333;Qualidade
9415;Uso diário e praticidade
9415;Recomendação
9504;Recomendação
9545;Expectativa e descrição
9545;Entrega
9574;Desempenho e eficiência
9610;Uso diário e praticidade
9610;Recomendação
9710;Expectativa e descrição
9710;Entrega
9920;Desempenho e eficiência
9955;Recomendação
74;Desempenho e eficiência
82;Qualidade
154;Qualidade
239;Uso diário e praticidade
239;Recomendação
248;Expectativa e descrição
248;Entrega
272;Uso diário e praticidade
272;Recomendação
313;Desempenho e eficiência
319;Recomendação
328;Uso diário e praticidade
328;Recomendação
371;Desempenho e eficiência
384;Desempenho e eficiência
394;Qualidade
404;Desempenho e eficiência
458;Desempenho e eficiência
622;Desempenho e eficiência
685;Recomendação
783;Expectativa e descrição
996;Recomendação
1086;Desempenho e eficiência
1258;Recomendação
1367;Recomendação
1391;Qualidade
1414;Qualidade
1660;Recomendação
1737;Uso diário e praticidade
1737;Recomendação
1758;Qualidade
1775;Qualidade
1788;Qualidade
1788;Preço e valor
1834;Recomendação
1916;Recomendação
2085;Desempenho e eficiência
2127;Qualidade
2137;Qualidade
2142;Expectativa e descrição
2144;Qualidade
2224;Desempenho e eficiência
2391;Qualidade
2391;Preço e valor
2493;Expectativa e descrição
2493;Entrega
2531;Recomendação
2546;Qualidade
2546;Preço e valor
2549;Qualidade
2572;Expectativa e descrição
2572;Entrega
2932;Expectativa e descrição
2932;Entrega
2953;Desempenho e eficiência
2968;Recomendação
2974;Qualidade
3039;Expectativa e descrição
3039;Entrega
3058;Qualidade
3120;Expectativa e descrição
3195;Qualidade
3210;Desempenho e eficiência
3297;Recomendação
3314;Desempenho e eficiência
3395;Qualidade
3507;Qualidade
3524;Qualidade
3524;Preço e valor
3528;Qualidade
3528;Preço e valor
3549;Expectativa e descrição
3549;Entrega
3561;Uso diário e praticidade
3561;Recomendação
3572;Desempenho e eficiência
3665;Desempenho e eficiência
3710;Recomendação
3840;Qualidade
3924;Recomendação
4103;Qualidade
4103;Preço e valor
4108;Recomendação
4172;Recomendação
4285;Desempenho e eficiência
4299;Recomendação
4347;Desempenho e eficiência
4492;Expectativa e descrição
4624;Uso diário e praticidade
4624;Recomendação
4756;Uso diário e praticidade
4756;Recomendação
4845;Recomendação
4850;Qualidade
4850;Preço e valor
4896;Recomendação
4930;Expectativa e descrição
4930;Entrega
5402;Expectativa e descrição
5402;Entrega
5447;Qualidade
5447;Preço e valor
5500;Uso diário e praticidade
5500;Recomendação
5506;Recomendação
5586;Desempenho e eficiência
5744;Recomendação
5786;Expectativa e descrição
5786;Entrega
5898;Desempenho e eficiência
5927;Recomendação
6032;Uso diário e praticidade
6032;Recomendação
6073;Desempenho e eficiência
6080;Qualidade
6083;Desempenho e eficiência
6124;Uso diário e praticidade
6124;Recomendação
6164;Desempenho e eficiência
6191;Desempenho e eficiência
6239;Recomendação
6294;Desempenho e eficiência
6574;Expectativa e descrição
6604;Expectativa e descrição
6604;Entrega
6615;Qualidade
6615;Preço e valor
6662;Uso diário e praticidade
6662;Recomendação
6973;Uso diário e praticidade
6973;Recomendação
7022;Desempenho e eficiência
7024;Expectativa e descrição
7071;Desempenho e eficiência
7220;Desempenho e eficiência
7226;Recomendação
7290;Desempenho e eficiência
7363;Qualidade
7426;Qualidade
7578;Qualidade
7610;Qualidade
7642;Recomendação
7791;Qualidade
7834;Qualidade
8011;Qualidade
8123;Desempenho e eficiência
8159;Desempenho e eficiência
8179;Desempenho e eficiência
8461;Qualidade
8493;Qualidade
8599;Recomendação
8650;Qualidade
8675;Desempenho e eficiência
8770;Expectativa e descrição
8919;Expectativa e descrição
9098;Qualidade
9098;Preço e valor
9111;Recomendação
9123;Expectativa e descrição
9123;Entrega
9223;Qualidade
9223;Preço e valor
9272;Uso diário e praticidade
9272;Recomendação
9337;Qualidade
9413;Qualidade
9426;Expectativa e descrição
9486;Recomendação
9494;Expectativa e descrição
9535;Qualidade
9535;Preço e valor
9544;Qualidade
9550;Uso diário e praticidade
9550;Recomendação
9745;Recomendação
9821;Recomendação
9826;Desempenho e eficiência
9843;Expectativa e descrição
9934;Qualidade
9934;Preço e valor
9949;Recomendação
9997;Expectativa e descrição
9997;Entrega
